fcode,f0001a,f0002a,f0003a,f0004a,f0005a,f0006a,f0007a,f0008a,f0009a,f0010a,f0011a,f0012a,f0013a,f0014a,f0015a,f0016a,f0017a,f0018a,f0019a,f0020a,f0021a,f0022a,f0023a,f0024a,f0025a,f0026a,f0027a,f0028a,f0029a,f0030a,f0031a,f0032a,f0033a,f0034a,f0035a,f0036a,f0037a,f0038a,f0039a,f0040a,f0041a,f0042a,f0043a,f0044a,f0045a,f0046a,f0047a,f0048a,f0049a,f0050a,f0051a,f0052a,f0053a,f0054a,f0055a,f0056a,f0057a,f0058a,f0059a,f0060a,f0061a,f0062a,f0063a,f0064a,f0065a,f0066a,f0067a,f0068a,f0069a,f0070a,f0071a,f0072a
f0001a,1.0,0.06223498775390884,0.8224126752895555,-0.05215428195328642,-0.032838134222932525,-0.01808353662580172,0.00739755894910364,0.40936671449313394,-0.11541849810952373,-0.011067993781469793,-0.023156209361212123,-0.03887215297713076,-0.021510451035682977,-0.0034117154163649794,0.00598751492982842,-0.03356724873382766,-0.04556513428844234,-0.011269769847552494,-0.00917250278461101,-0.00875085197264702,-0.005167409044426063,-0.009434903661161684,-0.02618960105913276,-0.024079603408232533,-0.27198381247964015,-0.032838134222932525,-0.026100593606179282,0.1410160973367312,0.1700098146840196,-0.030023104986271906,0.017242984658888343,-0.046119893366113295,0.014438964137881271,-0.20861162274073794,-0.015143085202022582,-0.13476591123629744,-0.009037948704238094,-0.007301545434233442,-0.007848926119711056,-0.006279894019572355,0.0922682207629858,-0.00969661869829286,0.0007177311920784471,0.01931579664670173,0.2284938756342004,-0.041751342926871694,-0.3043157371186551,0.07261319538175057,0.10234434163327413,0.3049773453943822,-0.0022796890213352917,-0.011681418285557004,0.1624306977463239,-0.10003893286150448,0.004242675851930602,-0.002461905799171236,0.025156819845279753,-0.024948713293432442,-0.033309974648382694,0.003936189801731412,0.007347104594091481,0.005984084779930291,0.00527514010213952,-0.0006503015248159681,0.004370634337898502,-0.008102180188473513,-0.0012558536200919727,-0.0027398357008474603,-0.001634324349579893,0.01574331723832049,-0.000732976919634532,0.0011543468352796689
f0002a,0.06223498775390884,1.0,0.7203757002885347,-0.2866395631962739,-0.438261771705929,-0.34847911114640157,0.14489557724102736,0.07908535153298919,-0.1498567025828385,-0.056891280247981124,-0.30444586970952614,-0.47707705035927755,-0.26684684472464,-0.030893817635966214,0.04077609464691242,-0.29529165062864066,-0.48688217014563784,-0.2372634676648796,-0.23374131971927395,-0.23232314457759617,-0.19395459721290656,-0.23737512242740538,-0.3881575978133726,-0.36672807081028125,-0.19084633004293883,-0.438261771705929,-0.19405616451613694,0.0574519778241778,0.060865716143346855,-0.2734828724575524,0.09559007969905985,-0.16393148698175009,0.1012253803772198,-0.4004187786541536,-0.30632928713143415,0.006259054113742893,-0.2184347048950283,-0.04156044215876633,-0.10310342328180866,-0.07601090130098904,-0.06468220820511619,-0.06829120307348316,0.01176521439647129,0.05354872228150724,0.3416628233891204,-0.555446614419871,-0.14156538859254683,0.29527121202759055,0.3987151036746209,0.12894592512912495,-0.19991941194930557,-0.2925180186368378,0.37267404591237757,-0.42177648486444086,0.16768651424099537,-0.09119132438952557,0.16839289996055645,-0.35924803625470414,-0.40308352371623135,-0.03016194565138455,-0.032031156801561,-0.041358202908352466,0.0028477642026529686,-0.014302693738829357,0.0062346087674584345,0.03696333295297464,0.011649981771936728,-0.007105716036626145,-0.051969459994370026,0.15926173511290373,-0.112084321066254,-0.06267421765234121
f0003a,0.8224126752895555,0.7203757002885347,1.0,-0.16210554953142778,-0.220176799479148,-0.16333172794004472,0.06713010170737531,0.3662433731336297,-0.13696564149799512,-0.03162970488008136,-0.14932364363041334,-0.23517436047411308,-0.13762657190914726,-0.014996162828757459,0.023952315609675923,-0.15777672778130092,-0.24407915496513627,-0.10975493358360643,-0.10666162323447131,-0.10574762899755483,-0.0871016696026528,-0.10851895952440675,-0.18657736656976784,-0.17597784512762066,-0.3006978813763844,-0.220176799479148,-0.10694897239737239,0.13149256096624592,0.15397749838272715,-0.14774680078466698,0.054694600163949066,-0.10688169486995729,0.054710631316023654,-0.32756562890368696,-0.1546564531538894,-0.11462802099960401,-0.106066735505937,-0.02160290364194336,-0.051895164404542234,-0.03915632660760621,0.04990580824551916,-0.033057871130183915,0.005002316573075985,0.03945680953368388,0.3304165269082768,-0.28207516524140347,-0.3004131859011572,0.19218015973798036,0.2512916808503062,0.2957120570152779,-0.09315084000286543,-0.14563481750247162,0.28810230708840956,-0.26241860142539764,0.07629824814132008,-0.04255842311000468,0.09088539165350178,-0.17757232624213026,-0.1979213669375343,-0.010516240053704974,-0.00835797595179495,-0.011316833372984848,0.005943040125092184,-0.007431406980876319,0.006652125312116196,0.007928589162692243,0.0028519510242315965,-0.005232132790818097,-0.022259473643923486,0.0810856063290421,-0.048269926759765595,-0.025402381774916362
f0004a,-0.05215428195328642,-0.2866395631962739,-0.16210554953142778,1.0,0.026247248530374027,0.21988791851913822,-0.11440214660718145,-0.010614019563807304,0.0422216937950598,0.012761731634810767,0.20909729568522656,0.2138045849478616,0.2047058408787197,0.03449723664439096,0.015690992532666728,0.013181336667495618,0.21219757967713654,0.17490437318977647,0.1717645070758281,0.1705630014514196,0.12310311848288939,0.17520656384921388,0.2050827372896236,0.2803096936890608,0.16292793257958318,0.026247248530374027,0.02173224031357574,0.006839163385346979,-0.059464058692102834,-0.04592405797266778,-0.06612414235717205,0.014499178387225862,-0.05510447838956428,0.08812237075796259,0.5225044808658253,0.02023726858464348,0.13895033573372464,0.03499820112021912,0.07932746959038084,0.06995111703012599,-0.01372289566766012,0.023618209048307286,-0.012780272256710695,-0.034125606919214374,-0.18179690511232172,0.07063655952551627,0.11988331269136628,0.005816781777353953,-0.35503579634888405,-0.11703538617295056,0.26588257092024015,0.2693960130324188,-0.22565521605514888,0.36207340045715675,-0.1620020534707343,0.11880086447998145,-0.06907442168592781,0.044425101710041354,0.15776126489261869,-0.001976510337234779,-0.004526134807566468,0.01213871600794999,0.005415032760891574,0.01966603897048606,0.005069120682938848,-0.042588612614407495,-0.03285656595782776,0.011180167825106349,0.03641540190034497,-0.09513498758633276,0.13521232292981594,0.14574227589237024
f0005a,-0.032838134222932525,-0.438261771705929,-0.220176799479148,0.026247248530374027,1.0,0.3370660694644568,-0.08892622820499121,-0.04632423604884945,0.06333059373902158,-0.008596279892727338,-0.0465411315649444,0.30029830828746795,-0.059782228285956925,-0.010026944757116027,-0.02058038979803758,0.3821205999416686,0.2847581450191392,0.006722539448536528,0.004012298843504685,0.0028187916461293798,-0.015938575606057492,0.006861124852661848,0.24358428654382333,0.2384248766208362,0.14540404626101697,1.0,0.15790879658312082,-0.011224383396823119,-0.051782985810378955,0.34711743938856526,-0.1064028053944416,-0.04600973515960144,-0.40797730781428404,0.12094154720972577,-0.044231599038174925,0.01578875536067676,0.09364541132405675,0.07547329245626017,0.00034168419616226306,-0.016287793291574194,-0.03179577534737297,0.04682362818285525,-0.018841158766386677,-0.034783462460169466,-0.24813453098589583,0.6952041887083327,0.07568187573396196,-0.1805553908380391,-0.3201065839760741,-0.0709044144029093,-0.03813997936112033,-0.03523455706843959,-0.3239523570310272,0.32810181550274264,-0.2575406402699634,0.0591032396477782,-0.08261647060300023,0.22641277017786396,0.2808839964123447,0.013089687810018073,0.015278704705625062,-0.006435679275951638,0.002373271055105387,0.012711236454757835,-9.78558120242398e-05,0.0027203061705305823,0.02386688304322776,-0.009478479272626742,-0.0017937214270785688,-0.014886035651691765,0.02272891692696544,-0.003139769168200931
f0006a,-0.01808353662580172,-0.34847911114640157,-0.16333172794004472,0.21988791851913822,0.3370660694644568,1.0,-0.46218225120648604,-0.056349162061066854,0.0583639169883219,0.012803243286928542,0.052621770812764715,0.1903006985664394,0.040719757593447974,-0.001898429047927529,-0.0005136589664038266,0.22114147101458578,0.19476779447621287,0.05007773442545301,0.03970865774038744,0.035722908863697875,-0.019134163956315575,0.05056564988362733,0.12027398295356385,0.10762153148951642,0.5433612660075888,0.3370660694644568,0.25685230310182866,0.013080012833363871,-0.21513280481182434,0.16243348882739003,0.004898089241726166,0.058895778344418996,-0.23016551916464056,0.015447147463412804,-0.001042132380767821,0.028386456124767475,0.021225317450146258,0.04297155965773747,0.003972402614771756,-0.011941757031207671,-0.028417869342780823,0.0865621839091372,-0.012160859168429225,-0.035054214633359386,-0.5742903768092534,0.38912882341419736,0.36789048334378727,-0.10365108810175439,-0.5328085491088073,-0.3637375968901538,0.01613032913421981,-0.015647439881907355,-0.9273252680781071,0.5090117474476511,-0.633396479003574,0.08620857581407372,-0.0495989343998031,0.13322586187626326,0.1562054500257871,0.003167134331104981,0.008525239169024368,0.0005663114791675711,0.00613778037834143,0.009612024622967428,0.002627577111667975,-0.01669799354198249,0.01490682830543797,-0.01660256828499329,-0.0012939978436282702,-0.047520766967973777,0.021844584574767057,0.029791888180666998
f0007a,0.00739755894910364,0.14489557724102736,0.06713010170737531,-0.11440214660718145,-0.08892622820499121,-0.46218225120648604,1.0,0.04956408000719864,-0.056549417194553406,-0.013555150441434348,-0.011264421624228985,-0.07565485490989082,-0.009370174475070289,0.003456864046014708,0.0012962601791208022,-0.12703219375314767,-0.12468978241489627,-0.016881908331878994,-0.006041048221985527,-0.0032482764441071075,0.015074648555365503,-0.016409192789352472,-0.01544506775898283,-0.010166895137424161,-0.5766876397364896,-0.08892622820499121,-0.11767187021874474,-0.010017921629314168,0.5215390185597126,-0.10648541558348906,-0.03435639296587631,-0.2108527726780605,0.028218320683704893,-0.18263366028182668,-0.0009529046790670824,-0.02016136583057273,0.006911855332567089,-0.003453205353179557,0.00839071752301315,0.012580653599812256,0.06766326928735146,-0.08254830302488683,-0.0005529903535409223,0.011952908088335127,0.26919764364286786,-0.12021968526498972,-0.7786405664340342,0.006888879645149394,0.25265016555696085,0.77719526914838,0.0009103273407031315,0.013068261478096877,0.4502941301675439,-0.247210849738657,0.16099755342499694,-0.010175666671731589,0.027216410200444883,-0.08192447310043798,-0.024549142202141556,-0.003057038723205403,-0.007591225070545379,-0.0004246897115777679,-0.004168103274292581,-0.011034199148289698,-0.0023092358592108255,0.008125442162844576,-0.009095557923635745,0.011056004297234962,-0.002291898580237217,0.01585075367171657,-0.010555393280351977,-0.01800190216457053
f0008a,0.40936671449313394,0.07908535153298919,0.3662433731336297,-0.010614019563807304,-0.04632423604884945,-0.056349162061066854,0.04956408000719864,1.0,0.09811914379268889,0.003694254265709394,-0.051699369054657295,-0.0646536707895096,-0.04632938660116587,-0.011518534276713325,0.007084919132698051,-0.021207577760582123,-0.06234608295888479,-0.022279887951838318,-0.022810715360748014,-0.022810727328401257,-0.019941356948111055,-0.022962298687318434,-0.051323162245558954,-0.05125272105447511,0.08728077012167437,-0.04632423604884944,0.003636680779717712,0.09258408859008538,-0.052017073668779876,-0.01720663596107796,0.04530123533896451,0.0001789008610937251,0.023737412940951254,0.06077076541252748,-0.021068461440402458,-0.11907496988407014,-0.029014563170936297,-0.005815548701883588,-0.017246484800849903,-0.014383895090974048,-0.02505551934780213,-0.014918927176046667,0.00026015563414513704,0.01870340841000051,0.16505952739540605,-0.037112437044658955,0.08071889981616896,0.11607114904679858,0.01045898784975341,-0.0827124196618983,-0.015486644554952819,-0.030669207336658254,-0.0036353210483420295,-0.009244925097757624,0.060545607994123465,-0.009423945551281596,-0.005061881088392525,-0.02362632405400432,-0.06883519420091845,0.00890286882723351,0.012823469548590137,0.0018244010528458538,0.010928533683455421,0.005659569291196073,0.009265774788693476,-0.008576879198371058,0.003424793913048618,-0.005557204862972491,-0.0038399361233617192,0.023416557311343515,0.00434974846141247,0.009474664511700984
f0009a,-0.11541849810952373,-0.1498567025828385,-0.13696564149799512,0.0422216937950598,0.06333059373902158,0.0583639169883219,-0.056549417194553406,0.09811914379268889,1.0,0.00863595905381725,0.029974424417270218,0.0495620530523206,0.024325064947138278,0.002381300734631515,0.0008495996452207088,0.04611290451869681,0.05653934697742721,0.01307526477576232,0.010799378966253473,0.010226353267633884,0.003825523688068944,0.011647651229882533,0.03750081925920404,0.035345568168854424,0.1072387716382919,0.0633305937390216,0.08078481361413865,-0.06328236373003429,-0.10879332119838922,0.0664559610542269,0.004397106739033948,0.11159056205370868,0.0029532454441420198,0.07245858449538674,0.025120625252416304,-0.1319665876634684,0.013320707789919208,0.00843468361262865,0.006587622987656755,0.0016916243630667736,0.006594724848133429,0.04057864260009435,-0.00039378411280750574,-0.001356292075997287,-0.06623210590683445,0.11269515327647635,0.17930136839821714,-0.02518051306995435,-0.10118702277414596,-0.17644852045293535,0.016594812018232208,0.020490100787899344,-0.12933520461663553,0.09419907003118012,0.02774619815344247,-0.0028210672891274755,-0.09268549149212651,0.07145112921430473,0.0558135054520548,-0.000553534346067978,0.0024654678861876804,0.011787044160907765,-0.001963007534060398,-0.003546473724790808,-0.0034249248618035293,-0.006589711117084824,0.00026797331607436836,-0.007303176195334783,0.01614741616735278,-0.010721583387143605,-1.5834566303123303e-05,0.0020039565164729524
f0010a,-0.011067993781469793,-0.056891280247981124,-0.03162970488008136,0.012761731634810767,-0.008596279892727338,0.012803243286928542,-0.013555150441434348,0.003694254265709394,0.00863595905381725,1.0,0.16234060373285908,0.15885814743148474,0.16372486267330702,0.06824807846200533,-0.05926131893661597,-0.0218398698266712,0.1573599174527773,0.0745012681325612,0.07431854766690943,0.07428765740492577,0.07368012313861078,0.07396764660712846,0.17042381986441693,0.1521011237590989,0.02422200315923772,-0.00859627989272734,0.014090862820406634,-0.009450059138857662,-0.04815410005517877,0.00016115341671550987,-0.01438177115628417,0.003627519479712308,0.0053646462828544055,0.009343290574447403,0.013852377298023473,0.005205460784798309,0.04448841295388258,-0.005741916949472255,0.03279839777723465,0.03036916324783642,0.0066208134124619115,-0.0017584326080688144,0.0027208509128524073,-0.00792929829702782,-0.01099337563329664,-0.00032766881075006944,0.022078576533358756,0.004095926214585859,-0.0195641878743206,-0.02125637710553324,0.04327279579014098,-0.001253160981012597,-0.02502975493447773,0.025500123808646965,-0.009948564921421023,0.003636884174614698,-0.004277352139964656,0.03715301007931042,0.1070523729825556,-0.02577518164303577,-0.03504280377235633,0.07029741698013225,0.01212570842319647,-0.012048989226709541,0.0077740690950738375,0.0312949660677934,0.027561031631591185,-0.06439812643373814,0.022970606675553448,0.16284551311406634,0.035851753706367236,0.024908800312766124
f0011a,-0.023156209361212123,-0.30444586970952614,-0.14932364363041334,0.20909729568522656,-0.0465411315649444,0.052621770812764715,-0.011264421624228985,-0.051699369054657295,0.029974424417270218,0.16234060373285908,1.0,0.8270127723491416,0.9307104633154472,0.04277652418282486,0.003640801188525023,0.018518322332404514,0.7988690957463183,0.21604320755736817,0.21544876007599362,0.21515629519582907,0.19508675452796356,0.21611296095107319,0.7249581634003166,0.7092991987691742,0.004801436845253879,-0.04654113156494442,0.013950405123135692,-0.035212422015480374,-0.044396833542469434,-0.04329060002946068,-0.3818904630101061,-0.0077386744241413905,-0.004156434276854436,0.05798196894130352,0.2785710491086123,0.011596660709306225,-0.02932791537924346,0.03591883418822203,0.141494653214498,0.12909165820873914,-0.033214502130316584,0.02609582652869545,-0.03248946107074795,-0.0011889112533575883,-0.1401182836593275,-0.061443166192082746,0.01168228226876084,-0.07398161511235819,-0.12539651331041482,-0.00673010136024956,0.3118994589986462,0.28718038543993657,-0.06838534666599677,0.13919374712947755,-0.06799946454081768,0.054856580758388465,-0.07892582890406999,0.2736726868917571,0.506057141314819,0.002237768444407635,-0.024380627223218775,0.09854943848133853,0.025231413433992128,-0.07542066110576758,0.033660307664773355,0.03148314085447341,-0.049730549179860306,0.033943308430266196,-0.03547392249655412,-0.03304919095158528,0.14652507409183346,0.1636130893048864
f0012a,-0.03887215297713076,-0.47707705035927755,-0.23517436047411308,0.2138045849478616,0.30029830828746795,0.1903006985664394,-0.07565485490989082,-0.0646536707895096,0.0495620530523206,0.15885814743148474,0.8270127723491416,1.0,0.753228450155312,0.038123675242172736,0.00025901024687306225,0.18552446280147944,0.9689665824782341,0.2193495863144143,0.21717634725196325,0.21626415577897767,0.18858679697081734,0.21952762544651017,0.7942842162301155,0.7769620836310144,0.11666159144130189,0.30029830828746795,0.079489665117763,-0.038694895662103115,-0.07153113235370319,0.08808671819996185,-0.39248530991929975,0.03254234764974524,-0.1273283638139395,0.1403175001379543,0.23871282659107185,0.01719808561828567,0.03453151080155708,0.05121016479250327,0.1410457714268747,0.12328042735124588,0.025187284491327924,0.04857633096067671,-0.03899963937731966,-0.01842227047010611,-0.21662068246418628,0.2169572198601943,0.06705650052876101,-0.1420182049704159,-0.2254802571145811,-0.06032437018548408,0.25570291159118036,0.2386749035444197,-0.20495611604383207,0.2456356710333709,-0.11638942302870509,0.06219166950302604,-0.11376283019347606,0.33692691399618707,0.5434637737359919,0.01992475114621585,-0.00809296531520019,0.09708010705827043,0.036382219847466424,-0.07803070102146635,0.04292390337613287,0.026078225742406848,-0.0450909199457628,0.03521290499214118,-0.007963730666238431,-0.006169045950701573,0.14485447231449872,0.14566508306435025
f0013a,-0.021510451035682977,-0.26684684472464,-0.13762657190914726,0.2047058408787197,-0.059782228285956925,0.040719757593447974,-0.009370174475070289,-0.04632938660116587,0.024325064947138278,0.16372486267330702,0.9307104633154472,0.753228450155312,1.0,0.045946474137061134,-0.002553853538574746,0.011666651588737005,0.7295037599382497,0.21448543295447856,0.2140634747819801,0.21384955198839856,0.1982066732477277,0.21452566960411057,0.6714120047178177,0.6554723777833199,0.00328737454958113,-0.05978222828595695,0.01601051104395094,-0.037851444419538485,-0.07448213604986333,-0.03882266888199619,-0.35396904960998055,-0.003149234613221396,-0.0004360030783006786,0.05294063136410481,0.26335169773606365,0.014172268905797248,-0.05693950706691035,0.04069587032979604,0.13801824724784248,0.12607222432079226,-0.02827782423689698,0.018020927978855968,-0.023064290809964076,-0.0035461320062965323,-0.12950342504095994,-0.051913487674258386,0.01013937820136646,-0.08635259941392515,-0.0895003274895808,-0.005684821196566801,0.3317230431560772,0.28445427890006386,-0.05588772635114277,0.1019893060891969,-0.05149801689282181,0.052158806848761646,-0.06749473937633745,0.2545794397737343,0.4629987509523414,0.011600174737460176,-0.013051438217737256,0.10681584666754629,0.02861794292700851,-0.06801552071811971,0.03969752639398626,0.02853759914876888,-0.04484355831647355,0.03461781153262349,-0.03639478646543889,-0.045020199400593854,0.14373783417588595,0.16192272507930572
f0014a,-0.0034117154163649794,-0.030893817635966214,-0.014996162828757459,0.03449723664439096,-0.010026944757116027,-0.001898429047927529,0.003456864046014708,-0.011518534276713325,0.002381300734631515,0.06824807846200533,0.04277652418282486,0.038123675242172736,0.045946474137061134,1.0,0.23075687414619217,0.0044995438301979815,0.03654649795967083,0.2219576104776314,0.2221451672708863,0.2222135871047465,0.2250887887741464,0.22214707923105434,0.03266142811459818,0.03611988761022952,-0.00842956113395657,-0.010026944757116022,0.0025072606840665923,-0.016312428466402264,-0.04699832494583089,-0.004723627694274551,0.03945309848015009,-0.003221479308879236,0.0015152113543155743,-0.003216313675862424,-0.011085551628147531,0.012507532389001279,-0.026738520570066298,-0.0022792146090300385,0.10631234473270193,0.10412070573901407,-0.0036930068088496053,0.005629531364280536,-0.02276777220465744,-0.004222359621506673,-0.018022605486909184,-0.01610972376320538,-0.0028706009044583763,-0.019446457563841123,0.0022241036508600393,0.003520713702925193,0.08730557362616423,0.04343086879572764,-0.0032745019651784454,5.410582672952432e-05,-0.0006356284986035833,0.017544325751703546,-0.010792384273496523,0.050453649992722116,0.013893918183907637,-0.11560302703002673,-0.07698662981040232,0.26307662238452095,0.07133099164884223,-0.3524195941187097,0.09201261866015883,-0.0527114230343721,-0.1301632095456638,0.20081243390994777,0.02381664556278603,-0.17659883488912864,-0.049992825372352064,-0.06083914154993363
f0015a,0.00598751492982842,0.04077609464691242,0.023952315609675923,0.015690992532666728,-0.02058038979803758,-0.0005136589664038266,0.0012962601791208022,0.007084919132698051,0.0008495996452207088,-0.05926131893661597,0.003640801188525023,0.00025901024687306225,-0.002553853538574746,0.23075687414619217,1.0,0.006505588575168668,-0.0009500526163166735,-0.10880615028384742,-0.10895737971741057,-0.1090305281849836,-0.11252051867276003,-0.10854428093799004,-0.020053332568310784,-0.010616807702316194,-0.002553184559611954,-0.020580389798037585,-0.008224269272561,0.0018645277036167718,-0.012123965579121937,0.004998045716684857,-0.01903760584167691,-0.0008074862345865869,0.00056199339037125,-0.044643400581377696,0.007750366120322399,-0.005977757043847131,-0.08695299634685544,-0.0038547972740112326,-0.02916117934291959,-0.02972356063837678,-0.00623102106516375,-0.00024687599351923,-0.0013382252419735109,0.005818481164926594,0.016642499460135306,-0.006247084996948117,-0.0026327787589771937,0.024945881274569086,-0.0018972327968008592,0.0024504762153928425,0.07102919743455774,0.01614656456891582,0.004373365870452984,-0.004323270497692803,-0.001106909133927358,-0.03277828029633571,0.01471984861764543,0.02478519987459584,-0.008459295185363034,-0.1476357151299989,-0.15170157034840087,-0.00762982730989566,-0.08414971146265215,-0.23514837671305713,-0.08705304094589672,-0.05204777310363073,-0.12808721446217236,0.1634303188947092,0.03858266919278869,-0.10001547512843238,-0.10346663932904926,-0.10289329908366089
f0016a,-0.03356724873382766,-0.29529165062864066,-0.15777672778130092,0.013181336667495618,0.3821205999416686,0.22114147101458578,-0.12703219375314767,-0.021207577760582123,0.04611290451869681,-0.0218398698266712,0.018518322332404514,0.18552446280147944,0.011666651588737005,0.0044995438301979815,0.006505588575168668,1.0,0.18452833283443926,-0.05352590374685629,-0.05664266618804437,-0.05773023609871935,-0.0636386070911511,-0.05350394630316812,0.12838114767380873,0.14185992182141138,0.17887047539254536,0.38212059994166864,0.21134054772205366,-0.018792264235869945,-0.09266559604435762,0.8584049027649322,0.012812606307977554,-0.02434582386803296,-0.08938484955738431,0.13378734285224556,-0.08696271370656838,0.01850403729051767,-0.013020771313524276,-0.08599715711898442,-0.028934999792891946,-0.03786468074225518,-0.12287306686136859,0.05859936429151172,0.01952178360118898,0.00308208269309461,-0.13941680478838503,0.44003909752610687,0.11839501903592405,-0.2487086100084402,-0.08806480874626656,-0.11693419064848605,-0.05714722288282929,-0.05904709059070039,-0.21641703060633177,0.12628839724042853,-0.10815722377341956,-0.004035685509552028,-0.07764812518985588,0.524266268851861,0.15217193218566702,-0.07085458518246246,-0.08348407145867957,-0.06428259121342113,-0.06261498436758169,0.004591573106801224,-0.06413095400620894,0.03320504042984032,0.016362945685854228,-0.016527626664870242,-0.03670518768753678,-0.05776873431100251,-0.06578939250487378,-0.07758109728293722
f0017a,-0.04556513428844234,-0.48688217014563784,-0.24407915496513627,0.21219757967713654,0.2847581450191392,0.19476779447621287,-0.12468978241489627,-0.06234608295888479,0.05653934697742721,0.1573599174527773,0.7988690957463183,0.9689665824782341,0.7295037599382497,0.03654649795967083,-0.0009500526163166735,0.18452833283443926,1.0,0.21620234147787457,0.21361538825610227,0.21263509105187825,0.18577692236931923,0.21634708125846083,0.7694266236346654,0.7520541333789792,0.15040376759680374,0.2847581450191392,0.08129953522424574,-0.04496355523283083,-0.0807408937240853,0.09578597120306338,-0.37889530897586027,0.12292050556715527,-0.11399283606284502,0.19155151867088163,0.23258672943769482,0.013187032003673627,0.03442688268001324,0.05169763375731859,0.13810649913887568,0.12070208978950316,0.10339206021008399,0.05310407339297949,-0.03842335821168259,-0.018270491568252178,-0.21290823682712828,0.21372312131497787,0.11479268713474323,-0.13851429100032578,-0.22462648238705346,-0.10755663753544813,0.2485903591717913,0.23283344331457267,-0.21037317069832817,0.24384510609919471,-0.051472747623167635,0.0575936785912535,-0.14361020736742702,0.33364478183123397,0.5312487650528052,0.017444524875110987,-0.009260162139233393,0.08942051004083507,0.03388963357329294,-0.07542673338767501,0.04091155377138581,0.026497229637757864,-0.043075900110476704,0.03570786608305356,-0.010513391615222878,-0.009367393641401696,0.14259251382363158,0.1402488688635321
f0018a,-0.011269769847552494,-0.2372634676648796,-0.10975493358360643,0.17490437318977647,0.006722539448536528,0.05007773442545301,-0.016881908331878994,-0.022279887951838318,0.01307526477576232,0.0745012681325612,0.21604320755736817,0.2193495863144143,0.21448543295447856,0.2219576104776314,-0.10880615028384742,-0.05352590374685629,0.21620234147787457,1.0,0.9997160971279352,0.9995237598707621,0.9865218310358264,0.999894485414834,0.2452235852564432,0.22545622547602914,0.018903045503039374,0.00672253944853653,0.02193490667674047,-0.013582216460114788,0.02994657697585626,-0.0739972967658359,-0.019958459457411773,0.0006114608050830516,-0.01475772309849034,0.0881570388680032,0.14485270261539543,0.017174336838861933,0.17008943616071936,0.012245566446397077,0.45497614159270394,0.44215558755840956,0.04580167541470867,-0.0022191325199957214,-0.0113250534280425,-0.014002384291999966,-0.07262559144223905,-0.002678810603546868,0.01620691648842447,-0.028789958404205642,-0.08484242419177353,-0.013331469529835337,0.14613369869030407,0.15910701338484223,-0.08091684884844394,0.10876940156819392,-0.042898118817285044,0.09361315097700176,-0.06043752271709619,0.03285317999933965,0.13231064558885497,0.15850799077373082,0.21677733032958885,0.2998754906403814,0.1877376072766151,-0.06339992422774515,0.17680661973257075,-0.21610603122996064,-0.050113953606943235,0.09655376713853099,0.05095899880064413,-0.09082968670834717,0.21411084060432947,0.10547076264858074
f0019a,-0.00917250278461101,-0.23374131971927395,-0.10666162323447131,0.1717645070758281,0.004012298843504685,0.03970865774038744,-0.006041048221985527,-0.022810715360748014,0.010799378966253473,0.07431854766690943,0.21544876007599362,0.21717634725196325,0.2140634747819801,0.2221451672708863,-0.10895737971741057,-0.05664266618804437,0.21361538825610227,0.9997160971279352,1.0,0.999965694892684,0.9881863571115348,0.9996330848954889,0.24424994271765443,0.22467415982115677,0.007944491771054805,0.004012298843504687,0.019350752352336454,-0.013460714887001726,0.0376065507191318,-0.0757437029611214,-0.020367757460549283,-0.0014419725245550634,-0.013438448866900758,0.08526602578757873,0.14471446458828605,0.016777317190726667,0.16995040878239953,0.01185070975826059,0.45528922639299524,0.44265398674532536,0.04687091475985786,-0.003889847293034132,-0.011052532194537635,-0.01366643308987301,-0.06644228269145701,-0.005995428251195505,0.005853680773683573,-0.028877555072954832,-0.0785370794773156,-0.003023104462912357,0.14615286606916195,0.15929869578636877,-0.0700913427101174,0.1030100930680785,-0.036712486914559736,0.09300496394249089,-0.05968765739981388,0.03130483047117757,0.13098335217022497,0.15775340151492445,0.21542992100693084,0.2993857527184794,0.1871681290240724,-0.0636184481022628,0.17636858730852395,-0.21472694600156791,-0.05003215523102065,0.09692949699013947,0.05024319446586822,-0.09128294902752679,0.2139265395499018,0.1043699424468827
f0020a,-0.00875085197264702,-0.23232314457759617,-0.10574762899755483,0.1705630014514196,0.0028187916461293798,0.035722908863697875,-0.0032482764441071075,-0.022810727328401257,0.010226353267633884,0.07428765740492577,0.21515629519582907,0.21626415577897767,0.21384955198839856,0.2222135871047465,-0.1090305281849836,-0.05773023609871935,0.21263509105187825,0.9995237598707621,0.999965694892684,1.0,0.988802290181436,0.999434086532463,0.24370721810609372,0.22421938436865224,0.004738863646325023,0.0028187916461293767,0.018444377058173818,-0.01347917771713272,0.03941880809164967,-0.07627188250003583,-0.020459689386474012,-0.0018622615795564968,-0.012720924689401792,0.08470474009544675,0.1445647864692278,0.01665205552921054,0.16985816509483112,0.011659866596327067,0.4553533430694761,0.44280040680453575,0.04703432355206543,-0.004418853299989561,-0.010918645750210879,-0.013526790442851832,-0.06412382736940092,-0.007394348788717522,0.0034003614170132813,-0.028868397278717945,-0.07602614765145323,-0.0005903536374023055,0.14609722367563355,0.15931368608113491,-0.0661010365627737,0.10071705871608241,-0.034050559842525856,0.09267287222477973,-0.05944952040403957,0.030804839907066082,0.13027744659325802,0.1575043744168955,0.21499987677461038,0.2992516933769276,0.18697428757059897,-0.06368585119467703,0.17621611453930897,-0.2142893109026883,-0.0499957774747046,0.09704856437763139,0.050000025086184174,-0.09138734453084524,0.21381104127284703,0.10396458729460296
f0021a,-0.005167409044426063,-0.19395459721290656,-0.0871016696026528,0.12310311848288939,-0.015938575606057492,-0.019134163956315575,0.015074648555365503,-0.019941356948111055,0.003825523688068944,0.07368012313861078,0.19508675452796356,0.18858679697081734,0.1982066732477277,0.2250887887741464,-0.11252051867276003,-0.0636386070911511,0.18577692236931923,0.9865218310358264,0.9881863571115348,0.988802290181436,1.0,0.9862786684796858,0.21716902576412145,0.20175108639708814,-0.023357376193574374,-0.015938575606057496,0.011929090487244578,-0.0158044418994695,0.04376738482870165,-0.07129850304479915,-0.015316497755396213,-0.0008883216395009155,0.004938064316556657,0.08276291926420291,0.09253167824324623,0.014212120991012095,0.1577984495234249,0.004981962900852533,0.45100277013188267,0.440614296976458,0.047194211865266,-0.009696691880619385,-0.0053885188996885235,-0.006441392940277376,-0.028945594355636088,-0.0292605818339972,-0.011781485746031278,-0.04016214524625075,0.004992802324642624,0.01401457949343325,0.1267974704417667,0.1365863244390684,-0.013677995196049175,0.02515082613423353,0.008956482180806472,0.07684365000053743,-0.052128923999352254,0.026931929247236523,0.10147738602672063,0.15012931716075512,0.2050144029422999,0.2945161017350986,0.17918685240171045,-0.06649257387982911,0.16913032186329546,-0.20861290376263864,-0.04948448178047698,0.10074378007161043,0.04433508013650675,-0.08571389157283514,0.2060868147912245,0.08981859711851373
f0022a,-0.009434903661161684,-0.23737512242740538,-0.10851895952440675,0.17520656384921388,0.006861124852661848,0.05056564988362733,-0.016409192789352472,-0.022962298687318434,0.011647651229882533,0.07396764660712846,0.21611296095107319,0.21952762544651017,0.21452566960411057,0.22214707923105434,-0.10854428093799004,-0.05350394630316812,0.21634708125846083,0.999894485414834,0.9996330848954889,0.999434086532463,0.9862786684796858,1.0,0.24527835958958105,0.22551071367119624,0.017454586330718853,0.006861124852661852,0.0218763611174031,-0.013190392214939062,0.031849255642596816,-0.07416245186683632,-0.020152603305296887,0.00036866755406070144,-0.01491010428032925,0.08637533118483054,0.1448350427957149,0.01721829210712705,0.16948554933549143,0.012262195862086944,0.45497082161559516,0.4421347585027422,0.04650142774232814,-0.0021975076887903503,-0.011365945322017078,-0.013995264448516362,-0.07259943825741355,-0.0025754708710566026,0.013670482009213546,-0.028916663812238595,-0.0847878515031764,-0.010770334420350382,0.14616519572924674,0.15909629950273463,-0.08077851222598802,0.108720731399257,-0.043723430015497375,0.0936863306446356,-0.06006040577841979,0.032662389074824986,0.13243942038317533,0.1572059732588668,0.21465788829410906,0.29754712418546236,0.18752397953765526,-0.06378479546253212,0.1768690858538141,-0.21490074441015206,-0.050315676813370555,0.09741914961003471,0.0501466622941943,-0.09325955399320611,0.21416384040186737,0.10454860029389584
f0023a,-0.02618960105913276,-0.3881575978133726,-0.18657736656976784,0.2050827372896236,0.24358428654382333,0.12027398295356385,-0.01544506775898283,-0.051323162245558954,0.03750081925920404,0.17042381986441693,0.7249581634003166,0.7942842162301155,0.6714120047178177,0.03266142811459818,-0.020053332568310784,0.12838114767380873,0.7694266236346654,0.2452235852564432,0.24424994271765443,0.24370721810609372,0.21716902576412145,0.24527835958958105,1.0,0.97338153412768,0.036056763027371166,0.24358428654382333,0.04949873173206331,-0.032384410219137676,-0.0376356382932639,0.045455445353305146,-0.33161080630667916,-0.025516301324153758,-0.11103846015658492,0.08995271498449978,0.23425275425999206,0.011456417335658038,0.023316892922825443,0.052070615505937515,0.17286014991972196,0.15725019274661725,-0.026146763751308335,0.03362278220352744,-0.03283971275394952,-0.012321134906459804,-0.16572805252540038,0.161540235082868,0.01745858196928486,-0.10590350913028582,-0.19488511412460796,-0.011901787738404685,0.24127747190652432,0.25138080171010996,-0.13311259513342977,0.2059847349376622,-0.12235143372459086,0.0657447649535715,-0.08683531372040959,0.2860034323960415,0.5135722842905063,0.05070387338669634,-0.009302914602727913,0.07879928553512013,0.013794274527260937,-0.048486913183197186,0.02441521678013097,0.05905726864610356,-0.0287100759436482,0.005809513117161562,-0.0024669510735065496,0.002404995854365662,0.14466084651621208,0.12736454643097872
f0024a,-0.024079603408232533,-0.36672807081028125,-0.17597784512762066,0.2803096936890608,0.2384248766208362,0.10762153148951642,-0.010166895137424161,-0.05125272105447511,0.035345568168854424,0.1521011237590989,0.7092991987691742,0.7769620836310144,0.6554723777833199,0.03611988761022952,-0.010616807702316194,0.14185992182141138,0.7520541333789792,0.22545622547602914,0.22467415982115677,0.22421938436865224,0.20175108639708814,0.22551071367119624,0.97338153412768,1.0,0.028419701980212913,0.23842487662083617,0.04942866121797592,-0.034210811959880974,-0.03513746668721695,0.05964400188088241,-0.3292526990945957,-0.026113400707646034,-0.10526607202444146,0.07687015253791919,0.20320968437535508,0.011283060244848939,0.006638918485857268,0.04742243063622251,0.15785735381588872,0.14342260019943162,-0.03254665013702857,0.03358347533502484,-0.029717212196943503,-0.00799435665464022,-0.15692791680579302,0.15813378493812677,0.011849554298181868,-0.10498202617512621,-0.17532894118227613,-0.006708037145495197,0.22113789587894955,0.2278884224636978,-0.1187604245244425,0.1862883645464561,-0.11266101788846819,0.05624504209486745,-0.08157118065766261,0.29251090469062585,0.5024527836543504,0.0032441507768423213,-0.05266679233637374,0.05800694359988792,-0.00966951186224605,-0.062261977918155374,0.0008793074177743576,0.06246783399809054,-0.030467314004128207,0.0032313461501151915,-0.015741855260538503,-0.00808108517267295,0.11333506105313848,0.09656422679658773
f0025a,-0.27198381247964015,-0.19084633004293883,-0.3006978813763844,0.16292793257958318,0.14540404626101697,0.5433612660075888,-0.5766876397364896,0.08728077012167437,0.1072387716382919,0.02422200315923772,0.004801436845253879,0.11666159144130189,0.00328737454958113,-0.00842956113395657,-0.002553184559611954,0.17887047539254536,0.15040376759680374,0.018903045503039374,0.007944491771054805,0.004738863646325023,-0.023357376193574374,0.017454586330718853,0.036056763027371166,0.028419701980212913,1.0,0.14540404626101697,0.1912337896268099,-0.021789149026753173,-0.3549487274984074,0.12365830638866677,0.02214514706029267,0.14891008879664056,-0.07132735582525636,0.34826984610522815,0.012297614734391654,0.039459923045973025,0.01166737136132324,0.008737822811543868,-0.002307016417843061,-0.007046421186607254,-0.14369830991513055,0.023389322542894178,-0.006766267991297198,-0.02538556317447904,-0.3781325836492173,0.19209309384335285,0.6619397450391225,-0.03621805837307824,-0.33877081545795995,-0.6620384789427528,0.006133012000671385,-0.00628661304768956,-0.6217452863483538,0.3536165149009853,-0.2555784197677397,0.03133608102798048,-0.10720948999560061,0.09030652925536954,0.0421392304360257,0.0022575849249683432,0.004735121473932509,-0.002284115544210295,0.008167249863590718,0.007259166864876222,0.0055672996121126465,-0.00859606224664142,0.013518377174847173,-0.014908093366845369,0.0013749820020219762,-0.024472851618246794,0.009020730222808408,0.016156216114879947
f0026a,-0.032838134222932525,-0.438261771705929,-0.220176799479148,0.026247248530374027,1.0,0.3370660694644568,-0.08892622820499121,-0.04632423604884944,0.0633305937390216,-0.00859627989272734,-0.04654113156494442,0.30029830828746795,-0.05978222828595695,-0.010026944757116022,-0.020580389798037585,0.38212059994166864,0.2847581450191392,0.00672253944853653,0.004012298843504687,0.0028187916461293767,-0.015938575606057496,0.006861124852661852,0.24358428654382333,0.23842487662083617,0.14540404626101697,1.0,0.15790879658312082,-0.011224383396823119,-0.051782985810378955,0.34711743938856526,-0.1064028053944416,-0.04600973515960144,-0.40797730781428404,0.12094154720972577,-0.044231599038174925,0.01578875536067676,0.09364541132405675,0.07547329245626017,0.00034168419616226306,-0.016287793291574194,-0.03179577534737297,0.04682362818285525,-0.018841158766386677,-0.034783462460169466,-0.24813453098589583,0.6952041887083327,0.07568187573396196,-0.1805553908380391,-0.3201065839760741,-0.0709044144029093,-0.03813997936112033,-0.03523455706843959,-0.3239523570310272,0.32810181550274264,-0.2575406402699634,0.0591032396477782,-0.08261647060300023,0.22641277017786396,0.2808839964123447,0.013089687810018073,0.015278704705625062,-0.006435679275951638,0.002373271055105387,0.012711236454757835,-9.78558120242398e-05,0.0027203061705305823,0.02386688304322776,-0.009478479272626742,-0.0017937214270785688,-0.014886035651691765,0.02272891692696544,-0.003139769168200931
f0027a,-0.026100593606179282,-0.19405616451613694,-0.10694897239737239,0.02173224031357574,0.15790879658312082,0.25685230310182866,-0.11767187021874474,0.003636680779717712,0.08078481361413865,0.014090862820406634,0.013950405123135692,0.079489665117763,0.01601051104395094,0.0025072606840665923,-0.008224269272561,0.21134054772205366,0.08129953522424574,0.02193490667674047,0.019350752352336454,0.018444377058173818,0.011929090487244578,0.0218763611174031,0.04949873173206331,0.04942866121797592,0.1912337896268099,0.15790879658312082,1.0,-0.007332042507725485,-0.09749734346090062,0.24329359874653522,-0.0044845195839056705,0.002125316387144373,-0.07143576117603616,0.22474254367275165,-0.03951619000761432,0.017169137913453657,0.014045315053729406,-0.017943631713927554,0.005956172748277533,0.003568898531857745,-0.02782580928728489,0.012776065048634141,0.0032496329678135924,-0.009490174917876997,-0.1386760944638624,0.23879429682363626,0.12376167716803223,-0.10804397169855963,-0.11686440900725553,-0.12271891503696779,-0.039113765834155,0.010983515917264727,-0.28034628117868243,0.14005883638450736,-0.13806884893040233,0.03934415879780773,-0.022893295266096143,0.18523621733424997,0.05416572363334922,0.0019224507289421142,-0.005996907778403999,-0.007484924352818059,-0.01135147024529964,-0.00023838043932059038,-0.010786134021356522,0.011966439718924363,0.01031522404488703,-0.022574835068548876,-0.007066671299266168,-0.01911321318009319,0.004718804546237871,-0.013867190427074893
f0028a,0.1410160973367312,0.0574519778241778,0.13149256096624592,0.006839163385346979,-0.011224383396823119,0.013080012833363871,-0.010017921629314168,0.09258408859008538,-0.06328236373003429,-0.009450059138857662,-0.035212422015480374,-0.038694895662103115,-0.037851444419538485,-0.016312428466402264,0.0018645277036167718,-0.018792264235869945,-0.04496355523283083,-0.013582216460114788,-0.013460714887001726,-0.01347917771713272,-0.0158044418994695,-0.013190392214939062,-0.032384410219137676,-0.034210811959880974,-0.021789149026753173,-0.011224383396823119,-0.007332042507725485,1.0,0.029275062084945635,-0.0182207282523349,0.010712958874235203,-0.11928948281097443,-0.04834415695145478,-0.11993814424294019,0.00818851542776231,-0.10906926339485086,0.014066945416034843,-0.002858230276382416,-0.007346064927087035,-0.006808761980834997,-0.09075726835085429,0.0016133300001411402,0.0005643343935014406,0.0014013441234610954,0.03366751347686717,-0.029021404045972303,-0.03288871986413796,0.04884365249452999,-0.0040978318145350875,0.030618438799525555,-0.009622912018484895,-0.016763037414983962,0.009762619509629995,0.0012837389964371366,-0.11963645652067391,0.08603953484587397,0.025918657829317363,-0.045853731939614256,-0.03179464726131844,0.013754348886003812,0.009887972530395927,-0.006662508429632263,0.0023857058752428844,0.01565553223243769,0.002906481454555316,0.008452083451189384,0.0030968297640999337,-0.0011545369786588999,-0.0005678082255116336,0.005626214843775055,0.007661201198224407,0.007572098492285729
f0029a,0.1700098146840196,0.060865716143346855,0.15397749838272715,-0.059464058692102834,-0.051782985810378955,-0.21513280481182434,0.5215390185597126,-0.052017073668779876,-0.10879332119838922,-0.04815410005517877,-0.044396833542469434,-0.07153113235370319,-0.07448213604986333,-0.04699832494583089,-0.012123965579121937,-0.09266559604435762,-0.0807408937240853,0.02994657697585626,0.0376065507191318,0.03941880809164967,0.04376738482870165,0.031849255642596816,-0.0376356382932639,-0.03513746668721695,-0.3549487274984074,-0.051782985810378955,-0.09749734346090062,0.029275062084945635,1.0,-0.07621470569519034,-0.03894353757714948,-0.09946809437847692,-0.008371951944114928,-0.6,0.04806305143545084,0.03211350631589574,0.013536750494818856,0.010037241982565658,0.013935289666931612,0.02382736875055361,-0.016088369045544646,-0.11361784786158081,-0.04173635538107151,-0.03660051420319026,0.1522799313394062,-0.08182810895285637,-0.672059236172846,-0.029869225090841216,0.10325696839023447,0.6712358524822407,-0.021897678128194334,0.056625655583894166,0.2621945939354602,-0.13504999288647626,0.1178673866140764,0.005874490686589807,0.350539252749985,-0.07465613907220761,-0.03746720749992262,0.0368034887352157,0.018226056543995898,0.019528214644084628,0.040314610724886034,0.006854635219389493,0.05053234462409694,0.01751038720956986,-0.07020479689878237,0.07482560845936212,0.015573957554374124,0.0027677807020383893,-0.014338625035128531,0.024430474491765598
f0030a,-0.030023104986271906,-0.2734828724575524,-0.14774680078466698,-0.04592405797266778,0.34711743938856526,0.16243348882739003,-0.10648541558348906,-0.01720663596107796,0.0664559610542269,0.00016115341671550987,-0.04329060002946068,0.08808671819996185,-0.03882266888199619,-0.004723627694274551,0.004998045716684857,0.8584049027649322,0.09578597120306338,-0.0739972967658359,-0.0757437029611214,-0.07627188250003583,-0.07129850304479915,-0.07416245186683632,0.045455445353305146,0.05964400188088241,0.12365830638866677,0.34711743938856526,0.24329359874653522,-0.0182207282523349,-0.07621470569519034,1.0,0.032834113344071506,-0.0031672260723702014,-0.07523838807393969,0.15731777421669027,-0.09827157739363246,0.010069669808802108,-0.0020587864516000373,-0.097870376232152,-0.02837192978425354,-0.03430863127749542,-0.08227487090842443,0.04178042530786717,0.021385947158205874,0.010222223113785662,-0.083386738883407,0.45560463276636304,0.10509786884759137,-0.2619068348505752,-0.03957316912682619,-0.10415471085325348,-0.07115677977512938,-0.07819585215297753,-0.15867776885146254,0.08438221681324759,-0.018523179174129278,-0.021722218715473536,-0.07322296618690897,0.570098330159782,0.1186026666240439,-0.05356302346774919,-0.06494855885848073,-0.05193716883556323,-0.04669486478600849,0.0032523165266143345,-0.04693997960011285,0.028285992660139956,0.01640505066686067,-0.01551288720434634,-0.030507799987728873,-0.022870821473036408,-0.0673251130925454,-0.07731609285607151
f0031a,0.017242984658888343,0.09559007969905985,0.054694600163949066,-0.06612414235717205,-0.1064028053944416,0.004898089241726166,-0.03435639296587631,0.04530123533896451,0.004397106739033948,-0.01438177115628417,-0.3818904630101061,-0.39248530991929975,-0.35396904960998055,0.03945309848015009,-0.01903760584167691,0.012812606307977554,-0.37889530897586027,-0.019958459457411773,-0.020367757460549283,-0.020459689386474012,-0.015316497755396213,-0.020152603305296887,-0.33161080630667916,-0.3292526990945957,0.02214514706029267,-0.1064028053944416,-0.0044845195839056705,0.010712958874235203,-0.03894353757714948,0.032834113344071506,1.0,0.035665630976929596,0.18766493662505065,0.009002267807627539,-0.13472015440927032,-0.030340087548540184,0.013766096952636378,-0.004103727573475769,-0.10047323482669734,-0.09732039592026698,0.07144820596505821,-0.006586516043043785,0.0033702723855679293,0.0001742845837972525,0.10121634770487133,0.027732220902587926,0.03097526575308976,0.03295825782792977,0.05828876604756796,-0.03231077317306473,-0.15965816961373971,-0.11555501821962172,-0.008688636602626528,-0.06322507330238394,0.0447066100530952,-0.06346637559467597,0.021119228922299,-0.09124084512402367,-0.3781993860509272,-0.03424255200603897,-0.016331901556643838,0.022131328489994523,-0.0020320669849923775,0.007941708464860269,-0.009961360248141583,-0.05834843198972969,0.009427440272934717,0.012380702670819014,0.03978500424910628,-0.10581964480924055,-0.06627934808987797,-0.1058043097290983
f0032a,-0.046119893366113295,-0.16393148698175009,-0.10688169486995729,0.014499178387225862,-0.04600973515960144,0.058895778344418996,-0.2108527726780605,0.0001789008610937251,0.11159056205370868,0.003627519479712308,-0.0077386744241413905,0.03254234764974524,-0.003149234613221396,-0.003221479308879236,-0.0008074862345865869,-0.02434582386803296,0.12292050556715527,0.0006114608050830516,-0.0014419725245550634,-0.0018622615795564968,-0.0008883216395009155,0.00036866755406070144,-0.025516301324153758,-0.026113400707646034,0.14891008879664056,-0.04600973515960144,0.002125316387144373,-0.11928948281097443,-0.09946809437847692,-0.0031672260723702014,0.035665630976929596,1.0,0.061361677751450905,0.32889108430341557,-0.006026710176020139,-0.10153252452960308,-0.012709529587607515,0.008919102213992891,-0.0019754500602731425,-0.0006749429220935105,0.2571264082767654,0.026633908729669427,-0.002010490996239844,-0.0046073006560852035,-0.03693084935419163,-0.01653037558601604,0.24782692968465603,0.017203821528764405,-0.02589708538252656,-0.23325097828778985,0.0003975208213022507,-0.004883633935521869,-0.07492817470568379,0.023208972917006687,0.23079251048771973,-0.03691183768383299,-0.07054531060033346,-0.0035603205281433932,-0.025598743675349728,-0.002318678015710991,-0.0002893139140959324,0.0004461409195450733,-0.0007280940235654138,0.0047059494652612575,-0.0005288275362693947,0.000854421397168601,0.0064308369287139075,-0.007231993299343023,-0.0049422979047288925,-0.0034149477489301833,-0.0037626145910183884,-0.0025789132587569564
f0033a,0.014438964137881271,0.1012253803772198,0.054710631316023654,-0.05510447838956428,-0.40797730781428404,-0.23016551916464056,0.028218320683704893,0.023737412940951254,0.0029532454441420198,0.0053646462828544055,-0.004156434276854436,-0.1273283638139395,-0.0004360030783006786,0.0015152113543155743,0.00056199339037125,-0.08938484955738431,-0.11399283606284502,-0.01475772309849034,-0.013438448866900758,-0.012720924689401792,0.004938064316556657,-0.01491010428032925,-0.11103846015658492,-0.10526607202444146,-0.07132735582525636,-0.40797730781428404,-0.07143576117603616,-0.04834415695145478,-0.008371951944114928,-0.07523838807393969,0.18766493662505065,0.061361677751450905,1.0,0.06365605241584561,-0.017622226845677432,-0.05358858503471789,-0.012557322768977718,-0.02834113570977242,-0.0037547208154595888,0.0015753473895699082,0.008791881576168115,0.003209333449238369,0.013216001015120885,0.018980202301083385,0.1698953139704398,-0.14409269264468094,-0.01615162308923566,-0.16047214076279967,0.1793447958813822,0.016287483735992116,-0.004600902707764924,-0.011313796236220629,0.1952933982555387,-0.16995365082683117,0.1920912896486856,-0.20563201719527008,0.00621045518790154,-0.05027298786174705,-0.13256029132053468,0.001085038330421357,-5.0748816060732555e-05,0.002192869677661649,0.0012500084919454435,0.001621409765238248,0.0020919988914173972,0.0034119787768961134,-0.009979557871114363,0.0033944267830639803,0.0014295814440736555,0.018351253196905882,-0.013676265243721243,-0.015241425899464964
f0034a,-0.20861162274073794,-0.4004187786541536,-0.32756562890368696,0.08812237075796259,0.12094154720972577,0.015447147463412804,-0.18263366028182668,0.06077076541252748,0.07245858449538674,0.009343290574447403,0.05798196894130352,0.1403175001379543,0.05294063136410481,-0.003216313675862424,-0.044643400581377696,0.13378734285224556,0.19155151867088163,0.0881570388680032,0.08526602578757873,0.08470474009544675,0.08276291926420291,0.08637533118483054,0.08995271498449978,0.07687015253791919,0.34826984610522815,0.12094154720972577,0.22474254367275165,-0.11993814424294019,-0.6,0.15731777421669027,0.009002267807627539,0.32889108430341557,0.06365605241584561,1.0,0.09672972556535754,-0.08328055631771612,0.03933417766610241,0.002109137019285777,0.056201761563828126,0.05064015931740039,0.21298419389904358,-0.04878606764442458,-0.00679832477597737,0.008758271037061416,-0.10982833148428255,0.2151238193926633,0.40796440616728663,-0.19076659955159284,0.004291717096933272,-0.39799430209922537,0.07630696079796843,0.13039117022075628,-0.13916839850191728,0.12279508382265776,0.2562774226632243,-0.004710526142377729,0.19313797589824402,0.18331518405468442,0.0808711776795699,0.03526098233577472,0.02560778623746135,0.013140432440858402,0.003946439642896671,0.023485639047021667,0.002943835244828751,-0.005723280310116402,0.020977036355547405,-0.021479519711676547,0.04016190000368071,-0.05792004387038235,0.051154523389166935,0.052228010501550425
f0035a,-0.015143085202022582,-0.30632928713143415,-0.1546564531538894,0.5225044808658253,-0.044231599038174925,-0.001042132380767821,-0.0009529046790670824,-0.021068461440402458,0.025120625252416304,0.013852377298023473,0.2785710491086123,0.23871282659107185,0.26335169773606365,-0.011085551628147531,0.007750366120322399,-0.08696271370656838,0.23258672943769482,0.14485270261539543,0.14471446458828605,0.1445647864692278,0.09253167824324623,0.1448350427957149,0.23425275425999206,0.20320968437535508,0.012297614734391654,-0.044231599038174925,-0.03951619000761432,0.00818851542776231,0.04806305143545084,-0.09827157739363246,-0.13472015440927032,-0.006026710176020139,-0.017622226845677432,0.09672972556535754,1.0,0.014517173908476115,0.17923885507006485,0.015138454699759774,0.0655311473209632,0.05343100810561543,-0.006201440487665219,0.006087713956747229,0.00780308852000503,-0.04682055207313711,-0.07039813932717653,-0.044212278609862335,0.00682971727259193,0.02826919553618505,-0.3191324578442512,-0.002598627224914064,0.3649171214916274,0.5570476404800395,-0.015750532624815586,0.3432725806481501,-0.03002532860913192,0.1259971404643481,-0.071942464562556,0.052440492900451066,0.22881727063741142,0.10553148059393977,0.10063074283903439,0.04288609334640675,0.07546442233098193,0.022917679280082384,0.07156575519532624,-0.027368578314685813,-0.0074161744221188245,-0.011903728714361692,0.034314641844767665,-0.09214805590146097,0.20473441175078672,0.2615398823899178
f0036a,-0.13476591123629744,0.006259054113742893,-0.11462802099960401,0.02023726858464348,0.01578875536067676,0.028386456124767475,-0.02016136583057273,-0.11907496988407014,-0.1319665876634684,0.005205460784798309,0.011596660709306225,0.01719808561828567,0.014172268905797248,0.012507532389001279,-0.005977757043847131,0.01850403729051767,0.013187032003673627,0.017174336838861933,0.016777317190726667,0.01665205552921054,0.014212120991012095,0.01721829210712705,0.011456417335658038,0.011283060244848939,0.039459923045973025,0.01578875536067676,0.017169137913453657,-0.10906926339485086,0.03211350631589574,0.010069669808802108,-0.030340087548540184,-0.10153252452960308,-0.05358858503471789,-0.08328055631771612,0.014517173908476115,1.0,0.012944534352760361,-0.00028828168160629635,0.0034209189070532873,0.0024023161015117567,-0.1246877974826669,0.007074608913114515,0.00037489579094689563,-0.005490103653080818,-0.052364987001747326,-0.00505411424593089,0.031015114151965492,0.00018111191985323378,-0.03020045952812495,-0.0325485040920948,0.0021248823005173825,0.008819372135056769,-0.0331689219383341,0.03397802517650937,-0.08477019427543887,0.10353254445688782,0.02767624154929762,0.0067610351231645015,0.015728822076742796,-0.010583292324297267,-0.010285334841497684,0.0019066616555547908,-0.0019728479539069125,-0.010981640926380192,-0.0007648550966618206,-0.001185472361387797,-0.0032785036870288447,0.003141792562557316,-0.002115507044665231,-0.022755154690258916,0.0031534484677610292,-0.002644610187924898
f0037a,-0.009037948704238094,-0.2184347048950283,-0.106066735505937,0.13895033573372464,0.09364541132405675,0.021225317450146258,0.006911855332567089,-0.029014563170936297,0.013320707789919208,0.04448841295388258,-0.02932791537924346,0.03453151080155708,-0.05693950706691035,-0.026738520570066298,-0.08695299634685544,-0.013020771313524276,0.03442688268001324,0.17008943616071936,0.16995040878239953,0.16985816509483112,0.1577984495234249,0.16948554933549143,0.023316892922825443,0.006638918485857268,0.01166737136132324,0.09364541132405675,0.014045315053729406,0.014066945416034843,0.013536750494818856,-0.0020587864516000373,0.013766096952636378,-0.012709529587607515,-0.012557322768977718,0.03933417766610241,0.17923885507006485,0.012944534352760361,1.0,0.0017007249515418987,0.10753517382935657,0.10020385037658786,0.02741996665300714,-0.0058680216870309315,0.014293528745260234,-0.03574249266823754,-0.08127061404161608,0.09342733719740516,-0.009999188565229217,-0.056100075697325245,-0.11765621135568999,0.010669365456768116,-0.03947410704035831,0.08028617019394607,-0.04517127777351213,0.15704509885732196,-0.036193201173254114,0.07695623264065386,-0.053291448962566164,-0.27438692713730056,0.1191369328761771,0.10811253875750164,0.10539500094292216,0.0449525270909465,0.041005317164425945,0.07784594146831997,0.03425211526731339,-0.07001953471265936,-0.014038633612372918,0.006545541062852287,0.0759465206311596,0.04975462205875176,0.06191660584003328,0.03560673002078392
f0038a,-0.007301545434233442,-0.04156044215876633,-0.02160290364194336,0.03499820112021912,0.07547329245626017,0.04297155965773747,-0.003453205353179557,-0.005815548701883588,0.00843468361262865,-0.005741916949472255,0.03591883418822203,0.05121016479250327,0.04069587032979604,-0.0022792146090300385,-0.0038547972740112326,-0.08599715711898442,0.05169763375731859,0.012245566446397077,0.01185070975826059,0.011659866596327067,0.004981962900852533,0.012262195862086944,0.052070615505937515,0.04742243063622251,0.008737822811543868,0.07547329245626017,-0.017943631713927554,-0.002858230276382416,0.010037241982565658,-0.097870376232152,-0.004103727573475769,0.008919102213992891,-0.02834113570977242,0.002109137019285777,0.015138454699759774,-0.00028828168160629635,0.0017007249515418987,1.0,0.017779176264891988,0.015200171959188125,0.05260206156169088,0.0007173200278360983,-0.10965699523520396,0.0077072714408470844,-0.04629140931442868,0.05813028728437512,0.005064175195467428,-0.03588652991811842,-0.070254863563946,-0.0030845364218276897,0.0013338326138552948,0.03890633418175924,-0.04349177731606293,-0.015262127251178191,-0.043835327217939576,0.025561726460152225,-0.006328671849890887,-0.05781580094328269,0.04736980011409465,0.019918672689172204,0.013841633434059773,-0.002992448149207015,0.006397527237560681,-0.00019070002825246306,0.004446460829896946,-0.0014128783849497847,-0.004861440476047724,0.00863082767883836,-0.0014909098225060248,-0.007656181597223634,0.002544023328138447,0.005155300674260806
f0039a,-0.007848926119711056,-0.10310342328180866,-0.051895164404542234,0.07932746959038084,0.00034168419616226306,0.003972402614771756,0.00839071752301315,-0.017246484800849903,0.006587622987656755,0.03279839777723465,0.141494653214498,0.1410457714268747,0.13801824724784248,0.10631234473270193,-0.02916117934291959,-0.028934999792891946,0.13810649913887568,0.45497614159270394,0.45528922639299524,0.4553533430694761,0.45100277013188267,0.45497082161559516,0.17286014991972196,0.15785735381588872,-0.002307016417843061,0.00034168419616226306,0.005956172748277533,-0.007346064927087035,0.013935289666931612,-0.02837192978425354,-0.10047323482669734,-0.0019754500602731425,-0.0037547208154595888,0.056201761563828126,0.0655311473209632,0.0034209189070532873,0.10753517382935657,0.017779176264891988,1.0,0.9944505688110125,0.02351036186876834,-0.002978670367388831,-0.008245071528756647,-0.00831735835583502,-0.0412380089655048,0.008440580025677354,-0.007047984036179062,-0.04408506136641161,-0.031527500456961496,0.008103479903617882,0.06333151832815534,0.0832703931118416,-0.02836886733551499,0.045506631260583866,-0.010588253295252816,0.02951141563307765,-0.03167032132284264,0.011385763716798811,0.09895929264613355,0.11645026650401025,0.1559796964584444,0.11776949412050554,0.14072554763471867,0.005288641106220249,0.133091464917554,-0.1333751391984397,-0.04495693753220129,0.03139410163497247,0.04963017217470694,0.006182779970331101,0.11029952258860129,0.07261038847613531
f0040a,-0.006279894019572355,-0.07601090130098904,-0.03915632660760621,0.06995111703012599,-0.016287793291574194,-0.011941757031207671,0.012580653599812256,-0.014383895090974048,0.0016916243630667736,0.03036916324783642,0.12909165820873914,0.12328042735124588,0.12607222432079226,0.10412070573901407,-0.02972356063837678,-0.03786468074225518,0.12070208978950316,0.44215558755840956,0.44265398674532536,0.44280040680453575,0.440614296976458,0.4421347585027422,0.15725019274661725,0.14342260019943162,-0.007046421186607254,-0.016287793291574194,0.003568898531857745,-0.006808761980834997,0.02382736875055361,-0.03430863127749542,-0.09732039592026698,-0.0006749429220935105,0.0015753473895699082,0.05064015931740039,0.05343100810561543,0.0024023161015117567,0.10020385037658786,0.015200171959188125,0.9944505688110125,1.0,0.02249032454482766,-0.00047655226531789844,-0.006163232106508174,-0.007084529816475054,-0.029721015054079515,-0.008042987984369553,-0.010449172114141776,-0.03833190372224367,-0.014360600756070744,0.011131853817930927,0.05549541313778972,0.07330636467554964,-0.012488582707886107,0.02821549945033946,0.0032573548074499295,0.024718041313643146,-0.02283554550500696,0.0005747050026736071,0.08075915854981738,0.11370455147670461,0.15296738783108718,0.11106763035729307,0.13840234526154582,0.007501807518385305,0.13075622403331058,-0.1296277390366291,-0.04641971760823957,0.031107025242113714,0.043988612516900824,0.009761892692980669,0.10686562651585432,0.07187071507200249
f0041a,0.0922682207629858,-0.06468220820511619,0.04990580824551916,-0.01372289566766012,-0.03179577534737297,-0.028417869342780823,0.06766326928735146,-0.02505551934780213,0.006594724848133429,0.0066208134124619115,-0.033214502130316584,0.025187284491327924,-0.02827782423689698,-0.0036930068088496053,-0.00623102106516375,-0.12287306686136859,0.10339206021008399,0.04580167541470867,0.04687091475985786,0.04703432355206543,0.047194211865266,0.04650142774232814,-0.026146763751308335,-0.03254665013702857,-0.14369830991513055,-0.03179577534737297,-0.02782580928728489,-0.09075726835085429,-0.016088369045544646,-0.08227487090842443,0.07144820596505821,0.2571264082767654,0.008791881576168115,0.21298419389904358,-0.006201440487665219,-0.1246877974826669,0.02741996665300714,0.05260206156169088,0.02351036186876834,0.02249032454482766,1.0,-0.06487185865039344,-0.006230347376475723,-0.023552877942315746,0.08419436149351563,-0.008991379721009425,-0.12646477413116808,0.025300017606807043,0.06411738321898354,0.12891534665783216,-0.005185888820274883,-0.00495897304161996,0.05876679401381275,-0.07840176174405107,0.6754769075449032,0.0036855227204724205,-0.08216281098224917,-0.07720204711300609,-0.05491770227390001,0.05420752516766046,0.05903333410526524,0.027039966314960567,0.041349729801797394,0.01993277203684666,0.03729438072928361,-0.017649760109052542,0.006117994459700924,0.003861832655578275,0.011083131097433498,0.024226560718151782,0.024953189716648998,0.021117607795550945
f0042a,-0.00969661869829286,-0.06829120307348316,-0.033057871130183915,0.023618209048307286,0.04682362818285525,0.0865621839091372,-0.08254830302488683,-0.014918927176046667,0.04057864260009435,-0.0017584326080688144,0.02609582652869545,0.04857633096067671,0.018020927978855968,0.005629531364280536,-0.00024687599351923,0.05859936429151172,0.05310407339297949,-0.0022191325199957214,-0.003889847293034132,-0.004418853299989561,-0.009696691880619385,-0.0021975076887903503,0.03362278220352744,0.03358347533502484,0.023389322542894178,0.04682362818285525,0.012776065048634141,0.0016133300001411402,-0.11361784786158081,0.04178042530786717,-0.006586516043043785,0.026633908729669427,0.003209333449238369,-0.04878606764442458,0.006087713956747229,0.007074608913114515,-0.0058680216870309315,0.0007173200278360983,-0.002978670367388831,-0.00047655226531789844,-0.06487185865039344,1.0,0.004305970502432765,0.004627041839011681,-0.053824720462920236,0.034707827187849136,0.06694512856525328,0.0033483381680731138,-0.0635574054731688,-0.06574181958535467,0.016046827888056617,-0.0010860438431608951,-0.08616814531848,0.06388664573378024,-0.05604420356721637,0.00566057023470013,-0.08711412087324533,0.04996906291526809,0.04058355193562338,-0.011650855823862244,-0.011695690818467169,-0.003578510422369783,-0.008023925671168377,-0.00879524578766277,-0.0069440594574457426,-0.002230027779970077,-0.0015391142959805806,0.00036934889314858865,-0.004957738924076877,-0.020245839875334303,-0.0009093639152573351,0.0003429376341410541
f0043a,0.0007177311920784471,0.01176521439647129,0.005002316573075985,-0.012780272256710695,-0.018841158766386677,-0.012160859168429225,-0.0005529903535409223,0.00026015563414513704,-0.00039378411280750574,0.0027208509128524073,-0.03248946107074795,-0.03899963937731966,-0.023064290809964076,-0.02276777220465744,-0.0013382252419735109,0.01952178360118898,-0.03842335821168259,-0.0113250534280425,-0.011052532194537635,-0.010918645750210879,-0.0053885188996885235,-0.011365945322017078,-0.03283971275394952,-0.029717212196943503,-0.006766267991297198,-0.018841158766386677,0.0032496329678135924,0.0005643343935014406,-0.04173635538107151,0.021385947158205874,0.0033702723855679293,-0.002010490996239844,0.013216001015120885,-0.00679832477597737,0.00780308852000503,0.00037489579094689563,0.014293528745260234,-0.10965699523520396,-0.008245071528756647,-0.006163232106508174,-0.006230347376475723,0.004305970502432765,1.0,-0.0023089506676325163,0.00539960667260841,-0.004902044580010647,0.00016991336469360723,-0.0071396108330391474,0.018138382263307305,-0.0005394824415255162,0.00514802357583044,-3.2146537265330776e-05,0.008846186315251539,0.0021360350785660626,0.013447945033655978,-0.003975114360906517,-0.0027767580306336144,0.015155810908659056,-0.014824487301508656,-0.005302580949672048,0.002778453225935431,-0.006630964995546678,3.8385901859115205e-05,-0.008292181923174755,-0.0004285553647557026,-0.007434722116914559,0.006540272712934231,-0.005345243940030874,-0.0017579929567083947,-0.0019615536309258836,0.0004964952321023714,-0.00851361499833413
f0044a,0.01931579664670173,0.05354872228150724,0.03945680953368388,-0.034125606919214374,-0.034783462460169466,-0.035054214633359386,0.011952908088335127,0.01870340841000051,-0.001356292075997287,-0.00792929829702782,-0.0011889112533575883,-0.01842227047010611,-0.0035461320062965323,-0.004222359621506673,0.005818481164926594,0.00308208269309461,-0.018270491568252178,-0.014002384291999966,-0.01366643308987301,-0.013526790442851832,-0.006441392940277376,-0.013995264448516362,-0.012321134906459804,-0.00799435665464022,-0.02538556317447904,-0.034783462460169466,-0.009490174917876997,0.0014013441234610954,-0.03660051420319026,0.010222223113785662,0.0001742845837972525,-0.0046073006560852035,0.018980202301083385,0.008758271037061416,-0.04682055207313711,-0.005490103653080818,-0.03574249266823754,0.0077072714408470844,-0.00831735835583502,-0.007084529816475054,-0.023552877942315746,0.004627041839011681,-0.0023089506676325163,1.0,0.08579160364323703,-0.031530733646517026,-0.012512681817563839,0.05974268368597097,0.09216149502169606,0.011917788516187258,-0.015529010408266798,-0.02111307248690948,0.03707058982643663,-0.08344981600633575,0.024923090395833073,-0.01846551297000348,0.01261999349039426,0.0026712294749001433,-0.028722810462298094,0.0022600525113331943,0.0010339040292079683,-0.0017034514282679406,-0.002043729283821506,-0.0019009544126155642,0.00033341779997872505,-0.0011370354445181848,-0.0031933344707879173,-0.0008990484287682752,-0.003866782248789796,0.018551917100695738,-0.002451595670270541,0.005423953972056179
f0045a,0.2284938756342004,0.3416628233891204,0.3304165269082768,-0.18179690511232172,-0.24813453098589583,-0.5742903768092534,0.26919764364286786,0.16505952739540605,-0.06623210590683445,-0.01099337563329664,-0.1401182836593275,-0.21662068246418628,-0.12950342504095994,-0.018022605486909184,0.016642499460135306,-0.13941680478838503,-0.21290823682712828,-0.07262559144223905,-0.06644228269145701,-0.06412382736940092,-0.028945594355636088,-0.07259943825741355,-0.16572805252540038,-0.15692791680579302,-0.3781325836492173,-0.24813453098589583,-0.1386760944638624,0.03366751347686717,0.1522799313394062,-0.083386738883407,0.10121634770487133,-0.03693084935419163,0.1698953139704398,-0.10982833148428255,-0.07039813932717653,-0.052364987001747326,-0.08127061404161608,-0.04629140931442868,-0.0412380089655048,-0.029721015054079515,0.08419436149351563,-0.053824720462920236,0.00539960667260841,0.08579160364323703,1.0,-0.28471947145218535,-0.27112725528930065,0.39597975244256567,0.39055963757747003,0.2675298300620909,-0.0419676760642198,-0.07708478048025735,0.6013217690619325,-0.3735205301950081,0.41480964127966513,-0.06799659559178341,0.048765096306319214,-0.08730701556252214,-0.2056538960056634,0.015276368949203797,0.010453926696446377,0.005583191098450621,0.028387248675942413,-0.012889879162029516,0.029499171426951562,-0.0070630207135063345,0.004700410790084113,-0.004674023852843416,-0.007399407035685015,0.07273718585764014,-0.0035554066488546797,-0.0114996401912188
f0046a,-0.041751342926871694,-0.555446614419871,-0.28207516524140347,0.07063655952551627,0.6952041887083327,0.38912882341419736,-0.12021968526498972,-0.037112437044658955,0.11269515327647635,-0.00032766881075006944,-0.061443166192082746,0.2169572198601943,-0.051913487674258386,-0.01610972376320538,-0.006247084996948117,0.44003909752610687,0.21372312131497787,-0.002678810603546868,-0.005995428251195505,-0.007394348788717522,-0.0292605818339972,-0.0025754708710566026,0.161540235082868,0.15813378493812677,0.19209309384335285,0.6952041887083327,0.23879429682363626,-0.029021404045972303,-0.08182810895285637,0.45560463276636304,0.027732220902587926,-0.01653037558601604,-0.14409269264468094,0.2151238193926633,-0.044212278609862335,-0.00505411424593089,0.09342733719740516,0.05813028728437512,0.008440580025677354,-0.008042987984369553,-0.008991379721009425,0.034707827187849136,-0.004902044580010647,-0.031530733646517026,-0.28471947145218535,1.0,0.11386530588096065,-0.3824928188493976,-0.34235618531920214,-0.10760571605998234,-0.03734588743502348,-0.03754867752346814,-0.3864892186275648,0.3548658371911961,-0.2398419573323236,-0.00027585350573417383,-0.07944565625668783,0.27614048668341107,0.22226487954246352,0.004079462125667126,0.0074240758739495495,-0.014574945099879758,-0.002917761141269768,0.015964290944579074,-0.00460546121219259,0.0004944075384759709,0.020671033481065564,-0.01496346528668994,-0.011060533319324006,-0.007138256977311869,-0.003191271026183374,-0.0234196289404444
f0047a,-0.3043157371186551,-0.14156538859254683,-0.3004131859011572,0.11988331269136628,0.07568187573396196,0.36789048334378727,-0.7786405664340342,0.08071889981616896,0.17930136839821714,0.022078576533358756,0.01168228226876084,0.06705650052876101,0.01013937820136646,-0.0028706009044583763,-0.0026327787589771937,0.11839501903592405,0.11479268713474323,0.01620691648842447,0.005853680773683573,0.0034003614170132813,-0.011781485746031278,0.013670482009213546,0.01745858196928486,0.011849554298181868,0.6619397450391225,0.07568187573396196,0.12376167716803223,-0.03288871986413796,-0.672059236172846,0.10509786884759137,0.03097526575308976,0.24782692968465603,-0.01615162308923566,0.40796440616728663,0.00682971727259193,0.031015114151965492,-0.009999188565229217,0.005064175195467428,-0.007047984036179062,-0.010449172114141776,-0.12646477413116808,0.06694512856525328,0.00016991336469360723,-0.012512681817563839,-0.27112725528930065,0.11386530588096065,1.0,-0.0032584347056152634,-0.25914509245209705,-0.9992465888300041,-0.0004727466521017165,-0.008045046761859942,-0.45514425128464175,0.2540283510833484,-0.08801069878961602,0.004633089672141745,-0.04612716979341608,0.08707153761273338,0.021930900412466526,0.004768476511967615,0.008402647851211465,0.0023545195342424127,0.00464299631354279,0.010716369918047301,0.0027902304068586617,-0.007603820041241056,0.011084759294014052,-0.01358556240459812,0.0035925929852887893,-0.013578841708089807,0.010185281454841114,0.016626607368611407
f0048a,0.07261319538175057,0.29527121202759055,0.19218015973798036,0.005816781777353953,-0.1805553908380391,-0.10365108810175439,0.006888879645149394,0.11607114904679858,-0.02518051306995435,0.004095926214585859,-0.07398161511235819,-0.1420182049704159,-0.08635259941392515,-0.019446457563841123,0.024945881274569086,-0.2487086100084402,-0.13851429100032578,-0.028789958404205642,-0.028877555072954832,-0.028868397278717945,-0.04016214524625075,-0.028916663812238595,-0.10590350913028582,-0.10498202617512621,-0.03621805837307824,-0.1805553908380391,-0.10804397169855963,0.04884365249452999,-0.029869225090841216,-0.2619068348505752,0.03295825782792977,0.017203821528764405,-0.16047214076279967,-0.19076659955159284,0.02826919553618505,0.00018111191985323378,-0.056100075697325245,-0.03588652991811842,-0.04408506136641161,-0.03833190372224367,0.025300017606807043,0.0033483381680731138,-0.0071396108330391474,0.05974268368597097,0.39597975244256567,-0.3824928188493976,-0.0032584347056152634,1.0,-0.09690294601248213,-0.0006932904382012297,-0.010700917140059513,-0.0341752937766892,0.11502377188774433,0.08635971986514837,0.05465290964026954,0.06505536254156917,0.03252118985481166,-0.15210746862838453,-0.1299059922471977,0.022228160926689892,0.015181946618911611,0.01616668817106062,0.03736333659232936,-0.021433106461907974,0.03690639589979579,-0.019676008738878,0.011097821561849063,-0.018244788088140652,-0.005704137529866565,0.03307218395666846,0.02642782597083108,0.03295914752608351
f0049a,0.10234434163327413,0.3987151036746209,0.2512916808503062,-0.35503579634888405,-0.3201065839760741,-0.5328085491088073,0.25265016555696085,0.01045898784975341,-0.10118702277414596,-0.0195641878743206,-0.12539651331041482,-0.2254802571145811,-0.0895003274895808,0.0022241036508600393,-0.0018972327968008592,-0.08806480874626656,-0.22462648238705346,-0.08484242419177353,-0.0785370794773156,-0.07602614765145323,0.004992802324642624,-0.0847878515031764,-0.19488511412460796,-0.17532894118227613,-0.33877081545795995,-0.3201065839760741,-0.11686440900725553,-0.0040978318145350875,0.10325696839023447,-0.03957316912682619,0.05828876604756796,-0.02589708538252656,0.1793447958813822,0.004291717096933272,-0.3191324578442512,-0.03020045952812495,-0.11765621135568999,-0.070254863563946,-0.031527500456961496,-0.014360600756070744,0.06411738321898354,-0.0635574054731688,0.018138382263307305,0.09216149502169606,0.39055963757747003,-0.34235618531920214,-0.25914509245209705,-0.09690294601248213,1.0,0.2541636831778697,-0.07854175428887666,-0.15111706982941905,0.5338208772278389,-0.9215545406877642,0.3728424898667023,-0.1392169027192936,0.09500247367382712,-0.09045936836869961,-0.23010730802188073,-0.009522433938695927,-0.010036484720757386,-0.0028879994617931654,-0.016323180815839233,-0.0011319783058506895,-0.010788760151011191,0.021758525258080204,-0.013307910924485479,0.02046548183780243,0.0038877063918721895,0.08299382406650795,-0.044409879786592395,-0.06647619145679631
f0050a,0.3049773453943822,0.12894592512912495,0.2957120570152779,-0.11703538617295056,-0.0709044144029093,-0.3637375968901538,0.77719526914838,-0.0827124196618983,-0.17644852045293535,-0.02125637710553324,-0.00673010136024956,-0.06032437018548408,-0.005684821196566801,0.003520713702925193,0.0024504762153928425,-0.11693419064848605,-0.10755663753544813,-0.013331469529835337,-0.003023104462912357,-0.0005903536374023055,0.01401457949343325,-0.010770334420350382,-0.011901787738404685,-0.006708037145495197,-0.6620384789427528,-0.0709044144029093,-0.12271891503696779,0.030618438799525555,0.6712358524822407,-0.10415471085325348,-0.03231077317306473,-0.23325097828778985,0.016287483735992116,-0.39799430209922537,-0.002598627224914064,-0.0325485040920948,0.010669365456768116,-0.0030845364218276897,0.008103479903617882,0.011131853817930927,0.12891534665783216,-0.06574181958535467,-0.0005394824415255162,0.011917788516187258,0.2675298300620909,-0.10760571605998234,-0.9992465888300041,-0.0006932904382012297,0.2541636831778697,1.0,0.003999684657828368,0.012645638789210364,0.45093586709709055,-0.24949084793073142,0.08548907481906337,-0.00444771415540594,0.05204531901925041,-0.08101944691104991,-0.015547935784232124,-0.005032943328987249,-0.008596339670949577,-0.0015200472028027339,-0.004876310621585704,-0.011131544311841381,-0.0030225724441838805,0.007234555537343126,-0.01161302197209235,0.013960300433491984,-0.00303681350847255,0.01130052754692367,-0.00904994967077286,-0.016137075097147287
f0051a,-0.0022796890213352917,-0.19991941194930557,-0.09315084000286543,0.26588257092024015,-0.03813997936112033,0.01613032913421981,0.0009103273407031315,-0.015486644554952819,0.016594812018232208,0.04327279579014098,0.3118994589986462,0.25570291159118036,0.3317230431560772,0.08730557362616423,0.07102919743455774,-0.05714722288282929,0.2485903591717913,0.14613369869030407,0.14615286606916195,0.14609722367563355,0.1267974704417667,0.14616519572924674,0.24127747190652432,0.22113789587894955,0.006133012000671385,-0.03813997936112033,-0.039113765834155,-0.009622912018484895,-0.021897678128194334,-0.07115677977512938,-0.15965816961373971,0.0003975208213022507,-0.004600902707764924,0.07630696079796843,0.3649171214916274,0.0021248823005173825,-0.03947410704035831,0.0013338326138552948,0.06333151832815534,0.05549541313778972,-0.005185888820274883,0.016046827888056617,0.00514802357583044,-0.015529010408266798,-0.0419676760642198,-0.03734588743502348,-0.0004727466521017165,-0.010700917140059513,-0.07854175428887666,0.003999684657828368,1.0,0.21992878992387202,-0.025564477169864357,0.09620556588275245,-0.024122583419910137,0.04545002701706488,-0.04928018171128727,0.15625828841604916,0.20357207821109416,0.02371737491685168,0.027154393324096346,0.08056113143655863,0.06380210174424403,-0.0271309699691603,0.05849577215910287,-0.03953605482639874,-0.015354939639534807,0.042048536790730166,0.024460690556291555,-0.14592438915780706,0.19833023801329638,0.1735242832345781
f0052a,-0.011681418285557004,-0.2925180186368378,-0.14563481750247162,0.2693960130324188,-0.03523455706843959,-0.015647439881907355,0.013068261478096877,-0.030669207336658254,0.020490100787899344,-0.001253160981012597,0.28718038543993657,0.2386749035444197,0.28445427890006386,0.04343086879572764,0.01614656456891582,-0.05904709059070039,0.23283344331457267,0.15910701338484223,0.15929869578636877,0.15931368608113491,0.1365863244390684,0.15909629950273463,0.25138080171010996,0.2278884224636978,-0.00628661304768956,-0.03523455706843959,0.010983515917264727,-0.016763037414983962,0.056625655583894166,-0.07819585215297753,-0.11555501821962172,-0.004883633935521869,-0.011313796236220629,0.13039117022075628,0.5570476404800395,0.008819372135056769,0.08028617019394607,0.03890633418175924,0.0832703931118416,0.07330636467554964,-0.00495897304161996,-0.0010860438431608951,-3.2146537265330776e-05,-0.02111307248690948,-0.07708478048025735,-0.03754867752346814,-0.008045046761859942,-0.0341752937766892,-0.15111706982941905,0.012645638789210364,0.21992878992387202,1.0,-0.006551675279193468,0.15286015898884156,-0.01304807540022284,0.08533750835281491,-0.0620538624478172,0.13606563821687978,0.21023171300623622,0.05914745769630384,0.058797691387755084,0.058507864949987415,0.03206315962978823,-0.01471481972199326,0.03555491895993063,-0.030395979783038655,-0.014106339873530473,0.01238227603617139,0.03736012145544801,-0.12321116255922217,0.1199701136650689,0.1242741576584014
f0053a,0.1624306977463239,0.37267404591237757,0.28810230708840956,-0.22565521605514888,-0.3239523570310272,-0.9273252680781071,0.4502941301675439,-0.0036353210483420295,-0.12933520461663553,-0.02502975493447773,-0.06838534666599677,-0.20495611604383207,-0.05588772635114277,-0.0032745019651784454,0.004373365870452984,-0.21641703060633177,-0.21037317069832817,-0.08091684884844394,-0.0700913427101174,-0.0661010365627737,-0.013677995196049175,-0.08077851222598802,-0.13311259513342977,-0.1187604245244425,-0.6217452863483538,-0.3239523570310272,-0.28034628117868243,0.009762619509629995,0.2621945939354602,-0.15867776885146254,-0.008688636602626528,-0.07492817470568379,0.1952933982555387,-0.13916839850191728,-0.015750532624815586,-0.0331689219383341,-0.04517127777351213,-0.04349177731606293,-0.02836886733551499,-0.012488582707886107,0.05876679401381275,-0.08616814531848,0.008846186315251539,0.03707058982643663,0.6013217690619325,-0.3864892186275648,-0.45514425128464175,0.11502377188774433,0.5338208772278389,0.45093586709709055,-0.025564477169864357,-0.006551675279193468,1.0,-0.5132561412002631,0.6148429754574989,-0.07008969864789338,0.05320838184517648,-0.15309490646243124,-0.16449079044499476,-0.013328874360098976,-0.019826278769154097,-0.014381232585957917,-0.020055949405535525,-0.010949159336924164,-0.016391515203365428,0.025875766826042774,-0.01130684553800055,0.014901376618823991,-0.010023771757444561,0.04716460241554059,-0.023894677681417276,-0.0274244390258595
f0054a,-0.10003893286150448,-0.42177648486444086,-0.26241860142539764,0.36207340045715675,0.32810181550274264,0.5090117474476511,-0.247210849738657,-0.009244925097757624,0.09419907003118012,0.025500123808646965,0.13919374712947755,0.2456356710333709,0.1019893060891969,5.410582672952432e-05,-0.004323270497692803,0.12628839724042853,0.24384510609919471,0.10876940156819392,0.1030100930680785,0.10071705871608241,0.02515082613423353,0.108720731399257,0.2059847349376622,0.1862883645464561,0.3536165149009853,0.32810181550274264,0.14005883638450736,0.0012837389964371366,-0.13504999288647626,0.08438221681324759,-0.06322507330238394,0.023208972917006687,-0.16995365082683117,0.12279508382265776,0.3432725806481501,0.03397802517650937,0.15704509885732196,-0.015262127251178191,0.045506631260583866,0.02821549945033946,-0.07840176174405107,0.06388664573378024,0.0021360350785660626,-0.08344981600633575,-0.3735205301950081,0.3548658371911961,0.2540283510833484,0.08635971986514837,-0.9215545406877642,-0.24949084793073142,0.09620556588275245,0.15286015898884156,-0.5132561412002631,1.0,-0.3527215527124486,0.15566838286474785,-0.10258231415939548,0.1368213651766152,0.22720441526182417,0.026065802494489625,0.025019182044599297,0.014579305767365288,0.02817209809756612,0.007203987313468871,0.020733707400683598,-0.029724806831123645,0.011153314330827802,-0.015840915890748954,0.0049396039847813215,-0.09481950659015796,0.05955345016331639,0.07942965027373748
f0055a,0.004242675851930602,0.16768651424099537,0.07629824814132008,-0.1620020534707343,-0.2575406402699634,-0.633396479003574,0.16099755342499694,0.060545607994123465,0.02774619815344247,-0.009948564921421023,-0.06799946454081768,-0.11638942302870509,-0.05149801689282181,-0.0006356284986035833,-0.001106909133927358,-0.10815722377341956,-0.051472747623167635,-0.042898118817285044,-0.036712486914559736,-0.034050559842525856,0.008956482180806472,-0.043723430015497375,-0.12235143372459086,-0.11266101788846819,-0.2555784197677397,-0.2575406402699634,-0.13806884893040233,-0.11963645652067391,0.1178673866140764,-0.018523179174129278,0.0447066100530952,0.23079251048771973,0.1920912896486856,0.2562774226632243,-0.03002532860913192,-0.08477019427543887,-0.036193201173254114,-0.043835327217939576,-0.010588253295252816,0.0032573548074499295,0.6754769075449032,-0.05604420356721637,0.013447945033655978,0.024923090395833073,0.41480964127966513,-0.2398419573323236,-0.08801069878961602,0.05465290964026954,0.3728424898667023,0.08548907481906337,-0.024122583419910137,-0.01304807540022284,0.6148429754574989,-0.3527215527124486,1.0,-0.07980005557745458,-0.08322976688890638,-0.038749250898206224,-0.14565120254891845,-0.008002799349039798,-0.010568493520844581,-0.007100714583656527,-0.01100630199754096,-0.0019846124623987653,-0.00902260090077679,0.01690560641288603,-0.005767270155983053,0.011018481658621187,-0.010456449669330944,0.02959480508853362,-0.014118106458448302,-0.022036492364983853
f0056a,-0.002461905799171236,-0.09119132438952557,-0.04255842311000468,0.11880086447998145,0.0591032396477782,0.08620857581407372,-0.010175666671731589,-0.009423945551281596,-0.0028210672891274755,0.003636884174614698,0.054856580758388465,0.06219166950302604,0.052158806848761646,0.017544325751703546,-0.03277828029633571,-0.004035685509552028,0.0575936785912535,0.09361315097700176,0.09300496394249089,0.09267287222477973,0.07684365000053743,0.0936863306446356,0.0657447649535715,0.05624504209486745,0.03133608102798048,0.0591032396477782,0.03934415879780773,0.08603953484587397,0.005874490686589807,-0.021722218715473536,-0.06346637559467597,-0.03691183768383299,-0.20563201719527008,-0.004710526142377729,0.1259971404643481,0.10353254445688782,0.07695623264065386,0.025561726460152225,0.02951141563307765,0.024718041313643146,0.0036855227204724205,0.00566057023470013,-0.003975114360906517,-0.01846551297000348,-0.06799659559178341,-0.00027585350573417383,0.004633089672141745,0.06505536254156917,-0.1392169027192936,-0.00444771415540594,0.04545002701706488,0.08533750835281491,-0.07008969864789338,0.15566838286474785,-0.07980005557745458,1.0,-0.017450446229076058,0.007022555795860384,0.047285655015912496,0.027843536557003827,0.021432375520986667,0.02925576192710261,0.011796784146558104,-0.004687119753400327,0.010820117992378303,-0.0032950145385334264,-0.002347727851638966,-0.011179312633900844,0.020511678533069316,-0.07643482157778342,0.06530218643895606,0.05004368637345355
f0057a,0.025156819845279753,0.16839289996055645,0.09088539165350178,-0.06907442168592781,-0.08261647060300023,-0.0495989343998031,0.027216410200444883,-0.005061881088392525,-0.09268549149212651,-0.004277352139964656,-0.07892582890406999,-0.11376283019347606,-0.06749473937633745,-0.010792384273496523,0.01471984861764543,-0.07764812518985588,-0.14361020736742702,-0.06043752271709619,-0.05968765739981388,-0.05944952040403957,-0.052128923999352254,-0.06006040577841979,-0.08683531372040959,-0.08157118065766261,-0.10720948999560061,-0.08261647060300023,-0.022893295266096143,0.025918657829317363,0.350539252749985,-0.07322296618690897,0.021119228922299,-0.07054531060033346,0.00621045518790154,0.19313797589824402,-0.071942464562556,0.02767624154929762,-0.053291448962566164,-0.006328671849890887,-0.03167032132284264,-0.02283554550500696,-0.08216281098224917,-0.08711412087324533,-0.0027767580306336144,0.01261999349039426,0.048765096306319214,-0.07944565625668783,-0.04612716979341608,0.03252118985481166,0.09500247367382712,0.05204531901925041,-0.04928018171128727,-0.0620538624478172,0.05320838184517648,-0.10258231415939548,-0.08322976688890638,-0.017450446229076058,1.0,-0.09933100714695488,-0.09509418588945523,-0.00837155454000582,-0.006688455682930151,-0.012334552361297917,0.002909128320675194,0.0006591815278717697,0.003261609162351115,0.00597031699765695,0.005457948782365155,-0.004445502322382998,-0.013584498537257919,0.04229639779339135,-0.030451469259077466,-0.01810405506983347
f0058a,-0.024948713293432442,-0.35924803625470414,-0.17757232624213026,0.044425101710041354,0.22641277017786396,0.13322586187626326,-0.08192447310043798,-0.02362632405400432,0.07145112921430473,0.03715301007931042,0.2736726868917571,0.33692691399618707,0.2545794397737343,0.050453649992722116,0.02478519987459584,0.524266268851861,0.33364478183123397,0.03285317999933965,0.03130483047117757,0.030804839907066082,0.026931929247236523,0.032662389074824986,0.2860034323960415,0.29251090469062585,0.09030652925536954,0.22641277017786396,0.18523621733424997,-0.045853731939614256,-0.07465613907220761,0.570098330159782,-0.09124084512402367,-0.0035603205281433932,-0.05027298786174705,0.18331518405468442,0.052440492900451066,0.0067610351231645015,-0.27438692713730056,-0.05781580094328269,0.011385763716798811,0.0005747050026736071,-0.07720204711300609,0.04996906291526809,0.015155810908659056,0.0026712294749001433,-0.08730701556252214,0.27614048668341107,0.08707153761273338,-0.15210746862838453,-0.09045936836869961,-0.08101944691104991,0.15625828841604916,0.13606563821687978,-0.15309490646243124,0.1368213651766152,-0.038749250898206224,0.007022555795860384,-0.09933100714695488,1.0,0.24786964020910945,-0.08891861245571288,-0.09318250398181287,-0.010987277616007075,-0.04889542426023711,-0.04506784937944188,-0.04782403407303667,0.018853871429262058,-0.012088407093496067,0.014950387649902312,-0.028247687564684126,-0.1466699711642504,0.0014447118033731068,-0.027331648863698432
f0059a,-0.033309974648382694,-0.40308352371623135,-0.1979213669375343,0.15776126489261869,0.2808839964123447,0.1562054500257871,-0.024549142202141556,-0.06883519420091845,0.0558135054520548,0.1070523729825556,0.506057141314819,0.5434637737359919,0.4629987509523414,0.013893918183907637,-0.008459295185363034,0.15217193218566702,0.5312487650528052,0.13231064558885497,0.13098335217022497,0.13027744659325802,0.10147738602672063,0.13243942038317533,0.5135722842905063,0.5024527836543504,0.0421392304360257,0.2808839964123447,0.05416572363334922,-0.03179464726131844,-0.03746720749992262,0.1186026666240439,-0.3781993860509272,-0.025598743675349728,-0.13256029132053468,0.0808711776795699,0.22881727063741142,0.015728822076742796,0.1191369328761771,0.04736980011409465,0.09895929264613355,0.08075915854981738,-0.05491770227390001,0.04058355193562338,-0.014824487301508656,-0.028722810462298094,-0.2056538960056634,0.22226487954246352,0.021930900412466526,-0.1299059922471977,-0.23010730802188073,-0.015547935784232124,0.20357207821109416,0.21023171300623622,-0.16449079044499476,0.22720441526182417,-0.14565120254891845,0.047285655015912496,-0.09509418588945523,0.24786964020910945,1.0,0.0021847739351413655,-0.012708146459358024,0.03950203879543949,0.01526910634023344,-0.04054079092039024,0.019122028298132983,0.013875969915652795,-0.039174739405808984,0.02996326452806003,-0.0013322773531325447,0.004381602143953142,0.08687387919095728,0.08470214619229632
f0060a,0.003936189801731412,-0.03016194565138455,-0.010516240053704974,-0.001976510337234779,0.013089687810018073,0.003167134331104981,-0.003057038723205403,0.00890286882723351,-0.000553534346067978,-0.02577518164303577,0.002237768444407635,0.01992475114621585,0.011600174737460176,-0.11560302703002673,-0.1476357151299989,-0.07085458518246246,0.017444524875110987,0.15850799077373082,0.15775340151492445,0.1575043744168955,0.15012931716075512,0.1572059732588668,0.05070387338669634,0.0032441507768423213,0.0022575849249683432,0.013089687810018073,0.0019224507289421142,0.013754348886003812,0.0368034887352157,-0.05356302346774919,-0.03424255200603897,-0.002318678015710991,0.001085038330421357,0.03526098233577472,0.10553148059393977,-0.010583292324297267,0.10811253875750164,0.019918672689172204,0.11645026650401025,0.11370455147670461,0.05420752516766046,-0.011650855823862244,-0.005302580949672048,0.0022600525113331943,0.015276368949203797,0.004079462125667126,0.004768476511967615,0.022228160926689892,-0.009522433938695927,-0.005032943328987249,0.02371737491685168,0.05914745769630384,-0.013328874360098976,0.026065802494489625,-0.008002799349039798,0.027843536557003827,-0.00837155454000582,-0.08891861245571288,0.0021847739351413655,1.0,0.8382763477887476,0.33266917143897135,0.6069352103493282,0.3010634973749086,0.5986003000907137,-0.14809664435808498,-0.039236732870754354,0.10818998602211159,0.05672713007111254,0.4705193236568445,0.317525222141707,0.3939076748188953
f0061a,0.007347104594091481,-0.032031156801561,-0.00835797595179495,-0.004526134807566468,0.015278704705625062,0.008525239169024368,-0.007591225070545379,0.012823469548590137,0.0024654678861876804,-0.03504280377235633,-0.024380627223218775,-0.00809296531520019,-0.013051438217737256,-0.07698662981040232,-0.15170157034840087,-0.08348407145867957,-0.009260162139233393,0.21677733032958885,0.21542992100693084,0.21499987677461038,0.2050144029422999,0.21465788829410906,-0.009302914602727913,-0.05266679233637374,0.004735121473932509,0.015278704705625062,-0.005996907778403999,0.009887972530395927,0.018226056543995898,-0.06494855885848073,-0.016331901556643838,-0.0002893139140959324,-5.0748816060732555e-05,0.02560778623746135,0.10063074283903439,-0.010285334841497684,0.10539500094292216,0.013841633434059773,0.1559796964584444,0.15296738783108718,0.05903333410526524,-0.011695690818467169,0.002778453225935431,0.0010339040292079683,0.010453926696446377,0.0074240758739495495,0.008402647851211465,0.015181946618911611,-0.010036484720757386,-0.008596339670949577,0.027154393324096346,0.058797691387755084,-0.019826278769154097,0.025019182044599297,-0.010568493520844581,0.021432375520986667,-0.006688455682930151,-0.09318250398181287,-0.012708146459358024,0.8382763477887476,1.0,0.47812641688412216,0.7410364596961018,0.20238036241343188,0.7228889170217708,-0.4187347992336971,-0.08179540833016845,0.14457648243177063,0.08909419094523129,0.35793812809623865,0.27190499909183746,0.3400626236442238
f0062a,0.005984084779930291,-0.041358202908352466,-0.011316833372984848,0.01213871600794999,-0.006435679275951638,0.0005663114791675711,-0.0004246897115777679,0.0018244010528458538,0.011787044160907765,0.07029741698013225,0.09854943848133853,0.09708010705827043,0.10681584666754629,0.26307662238452095,-0.00762982730989566,-0.06428259121342113,0.08942051004083507,0.2998754906403814,0.2993857527184794,0.2992516933769276,0.2945161017350986,0.29754712418546236,0.07879928553512013,0.05800694359988792,-0.002284115544210295,-0.006435679275951638,-0.007484924352818059,-0.006662508429632263,0.019528214644084628,-0.05193716883556323,0.022131328489994523,0.0004461409195450733,0.002192869677661649,0.013140432440858402,0.04288609334640675,0.0019066616555547908,0.0449525270909465,-0.002992448149207015,0.11776949412050554,0.11106763035729307,0.027039966314960567,-0.003578510422369783,-0.006630964995546678,-0.0017034514282679406,0.005583191098450621,-0.014574945099879758,0.0023545195342424127,0.01616668817106062,-0.0028879994617931654,-0.0015200472028027339,0.08056113143655863,0.058507864949987415,-0.014381232585957917,0.014579305767365288,-0.007100714583656527,0.02925576192710261,-0.012334552361297917,-0.010987277616007075,0.03950203879543949,0.33266917143897135,0.47812641688412216,1.0,0.6301570811092116,-0.3361524632802101,0.652706700700431,-0.3837325775093425,-0.07384328052338349,0.09135254735571835,0.09518668008929901,0.02919830322809315,0.11502762870055405,0.1287010260881005
f0063a,0.00527514010213952,0.0028477642026529686,0.005943040125092184,0.005415032760891574,0.002373271055105387,0.00613778037834143,-0.004168103274292581,0.010928533683455421,-0.001963007534060398,0.01212570842319647,0.025231413433992128,0.036382219847466424,0.02861794292700851,0.07133099164884223,-0.08414971146265215,-0.06261498436758169,0.03388963357329294,0.1877376072766151,0.1871681290240724,0.18697428757059897,0.17918685240171045,0.18752397953765526,0.013794274527260937,-0.00966951186224605,0.008167249863590718,0.002373271055105387,-0.01135147024529964,0.0023857058752428844,0.040314610724886034,-0.04669486478600849,-0.0020320669849923775,-0.0007280940235654138,0.0012500084919454435,0.003946439642896671,0.07546442233098193,-0.0019728479539069125,0.041005317164425945,0.006397527237560681,0.14072554763471867,0.13840234526154582,0.041349729801797394,-0.008023925671168377,3.8385901859115205e-05,-0.002043729283821506,0.028387248675942413,-0.002917761141269768,0.00464299631354279,0.03736333659232936,-0.016323180815839233,-0.004876310621585704,0.06380210174424403,0.03206315962978823,-0.020055949405535525,0.02817209809756612,-0.01100630199754096,0.011796784146558104,0.002909128320675194,-0.04889542426023711,0.01526910634023344,0.6069352103493282,0.7410364596961018,0.6301570811092116,1.0,-0.17823905984304161,0.9760504838932893,-0.38603478912347594,-0.09385457006369566,0.16983941591536983,0.021509862328046206,0.24795551193298773,0.18887816622660145,0.2664188611145029
f0064a,-0.0006503015248159681,-0.014302693738829357,-0.007431406980876319,0.01966603897048606,0.012711236454757835,0.009612024622967428,-0.011034199148289698,0.005659569291196073,-0.003546473724790808,-0.012048989226709541,-0.07542066110576758,-0.07803070102146635,-0.06801552071811971,-0.3524195941187097,-0.23514837671305713,0.004591573106801224,-0.07542673338767501,-0.06339992422774515,-0.0636184481022628,-0.06368585119467703,-0.06649257387982911,-0.06378479546253212,-0.048486913183197186,-0.062261977918155374,0.007259166864876222,0.012711236454757835,-0.00023838043932059038,0.01565553223243769,0.006854635219389493,0.0032523165266143345,0.007941708464860269,0.0047059494652612575,0.001621409765238248,0.023485639047021667,0.022917679280082384,-0.010981640926380192,0.07784594146831997,-0.00019070002825246306,0.005288641106220249,0.007501807518385305,0.01993277203684666,-0.00879524578766277,-0.008292181923174755,-0.0019009544126155642,-0.012889879162029516,0.015964290944579074,0.010716369918047301,-0.021433106461907974,-0.0011319783058506895,-0.011131544311841381,-0.0271309699691603,-0.01471481972199326,-0.010949159336924164,0.007203987313468871,-0.0019846124623987653,-0.004687119753400327,0.0006591815278717697,-0.04506784937944188,-0.04054079092039024,0.3010634973749086,0.20238036241343188,-0.3361524632802101,-0.17823905984304161,1.0,-0.19490239744594942,0.07910864487508411,0.0027652155097758675,-0.012077779658586774,0.024075600764605232,0.23450976120381706,0.13799008472985563,0.09954753280419944
f0065a,0.004370634337898502,0.0062346087674584345,0.006652125312116196,0.005069120682938848,-9.78558120242398e-05,0.002627577111667975,-0.0023092358592108255,0.009265774788693476,-0.0034249248618035293,0.0077740690950738375,0.033660307664773355,0.04292390337613287,0.03969752639398626,0.09201261866015883,-0.08705304094589672,-0.06413095400620894,0.04091155377138581,0.17680661973257075,0.17636858730852395,0.17621611453930897,0.16913032186329546,0.1768690858538141,0.02441521678013097,0.0008793074177743576,0.0055672996121126465,-9.78558120242398e-05,-0.010786134021356522,0.002906481454555316,0.05053234462409694,-0.04693997960011285,-0.009961360248141583,-0.0005288275362693947,0.0020919988914173972,0.002943835244828751,0.07156575519532624,-0.0007648550966618206,0.03425211526731339,0.004446460829896946,0.133091464917554,0.13075622403331058,0.03729438072928361,-0.0069440594574457426,-0.0004285553647557026,0.00033341779997872505,0.029499171426951562,-0.00460546121219259,0.0027902304068586617,0.03690639589979579,-0.010788760151011191,-0.0030225724441838805,0.05849577215910287,0.03555491895993063,-0.016391515203365428,0.020733707400683598,-0.00902260090077679,0.010820117992378303,0.003261609162351115,-0.04782403407303667,0.019122028298132983,0.5986003000907137,0.7228889170217708,0.652706700700431,0.9760504838932893,-0.19490239744594942,1.0,-0.3580981093892448,-0.08238054287500646,0.15208387320402955,0.026956046351528967,0.24724304399644426,0.18543158553073652,0.2587540049673842
f0066a,-0.008102180188473513,0.03696333295297464,0.007928589162692243,-0.042588612614407495,0.0027203061705305823,-0.01669799354198249,0.008125442162844576,-0.008576879198371058,-0.006589711117084824,0.0312949660677934,0.03148314085447341,0.026078225742406848,0.02853759914876888,-0.0527114230343721,-0.05204777310363073,0.03320504042984032,0.026497229637757864,-0.21610603122996064,-0.21472694600156791,-0.2142893109026883,-0.20861290376263864,-0.21490074441015206,0.05905726864610356,0.06246783399809054,-0.00859606224664142,0.0027203061705305823,0.011966439718924363,0.008452083451189384,0.01751038720956986,0.028285992660139956,-0.05834843198972969,0.000854421397168601,0.0034119787768961134,-0.005723280310116402,-0.027368578314685813,-0.001185472361387797,-0.07001953471265936,-0.0014128783849497847,-0.1333751391984397,-0.1296277390366291,-0.017649760109052542,-0.002230027779970077,-0.007434722116914559,-0.0011370354445181848,-0.0070630207135063345,0.0004944075384759709,-0.007603820041241056,-0.019676008738878,0.021758525258080204,0.007234555537343126,-0.03953605482639874,-0.030395979783038655,0.025875766826042774,-0.029724806831123645,0.01690560641288603,-0.0032950145385334264,0.00597031699765695,0.018853871429262058,0.013875969915652795,-0.14809664435808498,-0.4187347992336971,-0.3837325775093425,-0.38603478912347594,0.07910864487508411,-0.3580981093892448,1.0,0.1068995212061985,-0.13505408908399558,-0.11844840287680074,0.025669115377839766,0.008674168060206582,-0.00818748158814621
f0067a,-0.0012558536200919727,0.011649981771936728,0.0028519510242315965,-0.03285656595782776,0.02386688304322776,0.01490682830543797,-0.009095557923635745,0.003424793913048618,0.00026797331607436836,0.027561031631591185,-0.049730549179860306,-0.0450909199457628,-0.04484355831647355,-0.1301632095456638,-0.12808721446217236,0.016362945685854228,-0.043075900110476704,-0.050113953606943235,-0.05003215523102065,-0.0499957774747046,-0.04948448178047698,-0.050315676813370555,-0.0287100759436482,-0.030467314004128207,0.013518377174847173,0.02386688304322776,0.01031522404488703,0.0030968297640999337,-0.07020479689878237,0.01640505066686067,0.009427440272934717,0.0064308369287139075,-0.009979557871114363,0.020977036355547405,-0.0074161744221188245,-0.0032785036870288447,-0.014038633612372918,-0.004861440476047724,-0.04495693753220129,-0.04641971760823957,0.006117994459700924,-0.0015391142959805806,0.006540272712934231,-0.0031933344707879173,0.004700410790084113,0.020671033481065564,0.011084759294014052,0.011097821561849063,-0.013307910924485479,-0.01161302197209235,-0.015354939639534807,-0.014106339873530473,-0.01130684553800055,0.011153314330827802,-0.005767270155983053,-0.002347727851638966,0.005457948782365155,-0.012088407093496067,-0.039174739405808984,-0.039236732870754354,-0.08179540833016845,-0.07384328052338349,-0.09385457006369566,0.0027652155097758675,-0.08238054287500646,0.1068995212061985,1.0,-0.6604242549600146,-0.07312832082441116,0.00576491040356049,-0.002083026327499301,0.011294425890070861
f0068a,-0.0027398357008474603,-0.007105716036626145,-0.005232132790818097,0.011180167825106349,-0.009478479272626742,-0.01660256828499329,0.011056004297234962,-0.005557204862972491,-0.007303176195334783,-0.06439812643373814,0.033943308430266196,0.03521290499214118,0.03461781153262349,0.20081243390994777,0.1634303188947092,-0.016527626664870242,0.03570786608305356,0.09655376713853099,0.09692949699013947,0.09704856437763139,0.10074378007161043,0.09741914961003471,0.005809513117161562,0.0032313461501151915,-0.014908093366845369,-0.009478479272626742,-0.022574835068548876,-0.0011545369786588999,0.07482560845936212,-0.01551288720434634,0.012380702670819014,-0.007231993299343023,0.0033944267830639803,-0.021479519711676547,-0.011903728714361692,0.003141792562557316,0.006545541062852287,0.00863082767883836,0.03139410163497247,0.031107025242113714,0.003861832655578275,0.00036934889314858865,-0.005345243940030874,-0.0008990484287682752,-0.004674023852843416,-0.01496346528668994,-0.01358556240459812,-0.018244788088140652,0.02046548183780243,0.013960300433491984,0.042048536790730166,0.01238227603617139,0.014901376618823991,-0.015840915890748954,0.011018481658621187,-0.011179312633900844,-0.004445502322382998,0.014950387649902312,0.02996326452806003,0.10818998602211159,0.14457648243177063,0.09135254735571835,0.16983941591536983,-0.012077779658586774,0.15208387320402955,-0.13505408908399558,-0.6604242549600146,1.0,0.014204641953302732,0.02052414327421781,0.027493602855745095,0.024883283270600496
f0069a,-0.001634324349579893,-0.051969459994370026,-0.022259473643923486,0.03641540190034497,-0.0017937214270785688,-0.0012939978436282702,-0.002291898580237217,-0.0038399361233617192,0.01614741616735278,0.022970606675553448,-0.03547392249655412,-0.007963730666238431,-0.03639478646543889,0.02381664556278603,0.03858266919278869,-0.03670518768753678,-0.010513391615222878,0.05095899880064413,0.05024319446586822,0.050000025086184174,0.04433508013650675,0.0501466622941943,-0.0024669510735065496,-0.015741855260538503,0.0013749820020219762,-0.0017937214270785688,-0.007066671299266168,-0.0005678082255116336,0.015573957554374124,-0.030507799987728873,0.03978500424910628,-0.0049422979047288925,0.0014295814440736555,0.04016190000368071,0.034314641844767665,-0.002115507044665231,0.0759465206311596,-0.0014909098225060248,0.04963017217470694,0.043988612516900824,0.011083131097433498,-0.004957738924076877,-0.0017579929567083947,-0.003866782248789796,-0.007399407035685015,-0.011060533319324006,0.0035925929852887893,-0.005704137529866565,0.0038877063918721895,-0.00303681350847255,0.024460690556291555,0.03736012145544801,-0.010023771757444561,0.0049396039847813215,-0.010456449669330944,0.020511678533069316,-0.013584498537257919,-0.028247687564684126,-0.0013322773531325447,0.05672713007111254,0.08909419094523129,0.09518668008929901,0.021509862328046206,0.024075600764605232,0.026956046351528967,-0.11844840287680074,-0.07312832082441116,0.014204641953302732,1.0,-0.014809489708127297,0.01309691966009222,-0.11925689358978865
f0070a,0.01574331723832049,0.15926173511290373,0.0810856063290421,-0.09513498758633276,-0.014886035651691765,-0.047520766967973777,0.01585075367171657,0.023416557311343515,-0.010721583387143605,0.16284551311406634,-0.03304919095158528,-0.006169045950701573,-0.045020199400593854,-0.17659883488912864,-0.10001547512843238,-0.05776873431100251,-0.009367393641401696,-0.09082968670834717,-0.09128294902752679,-0.09138734453084524,-0.08571389157283514,-0.09325955399320611,0.002404995854365662,-0.00808108517267295,-0.024472851618246794,-0.014886035651691765,-0.01911321318009319,0.005626214843775055,0.0027677807020383893,-0.022870821473036408,-0.10581964480924055,-0.0034149477489301833,0.018351253196905882,-0.05792004387038235,-0.09214805590146097,-0.022755154690258916,0.04975462205875176,-0.007656181597223634,0.006182779970331101,0.009761892692980669,0.024226560718151782,-0.020245839875334303,-0.0019615536309258836,0.018551917100695738,0.07273718585764014,-0.007138256977311869,-0.013578841708089807,0.03307218395666846,0.08299382406650795,0.01130052754692367,-0.14592438915780706,-0.12321116255922217,0.04716460241554059,-0.09481950659015796,0.02959480508853362,-0.07643482157778342,0.04229639779339135,-0.1466699711642504,0.004381602143953142,0.4705193236568445,0.35793812809623865,0.02919830322809315,0.24795551193298773,0.23450976120381706,0.24724304399644426,0.025669115377839766,0.00576491040356049,0.02052414327421781,-0.014809489708127297,1.0,0.07241706181347801,0.20915006841760012
f0071a,-0.000732976919634532,-0.112084321066254,-0.048269926759765595,0.13521232292981594,0.02272891692696544,0.021844584574767057,-0.010555393280351977,0.00434974846141247,-1.5834566303123303e-05,0.035851753706367236,0.14652507409183346,0.14485447231449872,0.14373783417588595,-0.049992825372352064,-0.10346663932904926,-0.06578939250487378,0.14259251382363158,0.21411084060432947,0.2139265395499018,0.21381104127284703,0.2060868147912245,0.21416384040186737,0.14466084651621208,0.11333506105313848,0.009020730222808408,0.02272891692696544,0.004718804546237871,0.007661201198224407,-0.014338625035128531,-0.0673251130925454,-0.06627934808987797,-0.0037626145910183884,-0.013676265243721243,0.051154523389166935,0.20473441175078672,0.0031534484677610292,0.06191660584003328,0.002544023328138447,0.11029952258860129,0.10686562651585432,0.024953189716648998,-0.0009093639152573351,0.0004964952321023714,-0.002451595670270541,-0.0035554066488546797,-0.003191271026183374,0.010185281454841114,0.02642782597083108,-0.044409879786592395,-0.00904994967077286,0.19833023801329638,0.1199701136650689,-0.023894677681417276,0.05955345016331639,-0.014118106458448302,0.06530218643895606,-0.030451469259077466,0.0014447118033731068,0.08687387919095728,0.317525222141707,0.27190499909183746,0.11502762870055405,0.18887816622660145,0.13799008472985563,0.18543158553073652,0.008674168060206582,-0.002083026327499301,0.027493602855745095,0.01309691966009222,0.07241706181347801,1.0,0.5560436704883833
f0072a,0.0011543468352796689,-0.06267421765234121,-0.025402381774916362,0.14574227589237024,-0.003139769168200931,0.029791888180666998,-0.01800190216457053,0.009474664511700984,0.0020039565164729524,0.024908800312766124,0.1636130893048864,0.14566508306435025,0.16192272507930572,-0.06083914154993363,-0.10289329908366089,-0.07758109728293722,0.1402488688635321,0.10547076264858074,0.1043699424468827,0.10396458729460296,0.08981859711851373,0.10454860029389584,0.12736454643097872,0.09656422679658773,0.016156216114879947,-0.003139769168200931,-0.013867190427074893,0.007572098492285729,0.024430474491765598,-0.07731609285607151,-0.1058043097290983,-0.0025789132587569564,-0.015241425899464964,0.052228010501550425,0.2615398823899178,-0.002644610187924898,0.03560673002078392,0.005155300674260806,0.07261038847613531,0.07187071507200249,0.021117607795550945,0.0003429376341410541,-0.00851361499833413,0.005423953972056179,-0.0114996401912188,-0.0234196289404444,0.016626607368611407,0.03295914752608351,-0.06647619145679631,-0.016137075097147287,0.1735242832345781,0.1242741576584014,-0.0274244390258595,0.07942965027373748,-0.022036492364983853,0.05004368637345355,-0.01810405506983347,-0.027331648863698432,0.08470214619229632,0.3939076748188953,0.3400626236442238,0.1287010260881005,0.2664188611145029,0.09954753280419944,0.2587540049673842,-0.00818748158814621,0.011294425890070861,0.024883283270600496,-0.11925689358978865,0.20915006841760012,0.5560436704883833,1.0
